title,content,reason
米家,设备状态同步服务开启中,"App 自行取消, 0分钟前"
UniversalClipboardService,,
汪苏泷生日快乐🥳免费领小卡,帅气泷泷闪亮登场💖特别款可以看到吹蜡烛动态！搭配全天人气松饼堡，快来对暗号>>,
汪苏泷生日快乐🥳免费领小卡,帅气泷泷闪亮登场💖特别款可以看到吹蜡烛动态！搭配全天人气松饼堡，快来对暗号>>,"取消原因未知, 6分钟前"
钱包,小米智能卡正在运行中…,
语音唤醒,,
正在获取服务信息,,"取消原因未知, 6分钟前"
,,
全场景音乐服务,全场景音乐服务运行中,
“小米互联通信服务”正在运行,点按即可了解详情或停止应用。,
“跨屏协同服务”正在运行,点按即可了解详情或停止应用。,
拍了拍你,并开始播放《Flash Funk》,
拍了拍你,并开始播放《Flash Funk》,"被其他通知服务取消, 4分钟前"
张楚岚,给你发来：3条 [语音],
张楚岚,给你发来：3条 [语音],"被其他通知服务取消, 4分钟前"
🔔你有一条中奖通知,5克金条已就位，做任务免费抽！,
🔔你有一条中奖通知,5克金条已就位，做任务免费抽！,"取消原因未知, 6分钟前"
查找,正在处理...,
查找,正在处理...,"App 自行取消, 5分钟前"
交易提醒,你有一笔208.80元的支出，点击领取36个支付宝积分。,
交易提醒,你有一笔208.80元的支出，点击领取36个支付宝积分。,"取消原因未知, 22分钟前"
招商银行,您账户1662于09月12日10:36在【支付宝-温州瓯超网络科技有限公司】发生快捷支付扣款，人民币208.80,
招商银行,您账户1662于09月12日10:36在【支付宝-温州瓯超网络科技有限公司】发生快捷支付扣款，人民币208.80,"取消原因未知, 22分钟前"
试试问豆包,睡得少为什么反而不困,
试试问豆包,睡得少为什么反而不困,"取消原因未知, 23分钟前"
随身wifi吧（关注）,有没有懂的兄弟来看看,
随身wifi吧（关注）,有没有懂的兄弟来看看,"取消原因未知, 27分钟前"
付骢[火][表情],[2条]付骢[火][表情]: 我很少夸三丧的产品,
付骢[火][表情],[2条]付骢[火][表情]: 我很少夸三丧的产品,"取消原因未知, 29分钟前"
付骢[火][表情],你知道的,
“短信”正在运行,点按即可了解详情或停止应用。,"取消原因未知, 29分钟前"
腾势Z9GT EV新增版上市：售价为32.98万元,【腾势Z9GT EV】,
腾势Z9GT EV新增版上市：售价为32.98万元,【腾势Z9GT EV】,"取消原因未知, 32分钟前"
【你有即将获得的徽章】,电音曲风LV3获取进度已超过90%，快来升级吧,
【你有即将获得的徽章】,电音曲风LV3获取进度已超过90%，快来升级吧,"被其他通知服务取消, 29分钟前"
优惠券过期提醒,你有一张10.5元兑换券即将过期，赶紧去使用吧~如已使用请忽略,
优惠券过期提醒,你有一张10.5元兑换券即将过期，赶紧去使用吧~如已使用请忽略,"取消原因未知, 57分钟前"
查找,正在处理...,
查找,正在处理...,"取消原因未知, 1小时前"
这时候的体重还有印象吗？,「订阅故事已送达」2021年的今天，吃了不少美食→,"取消原因未知, 1小时前"
这时候的体重还有印象吗？,「订阅故事已送达」2021年的今天，吃了不少美食→,
[兔子]糖糖炖蛋[兔子],糖糖炖蛋正在努力 zhou 路中,
[兔子]糖糖炖蛋[兔子],糖糖炖蛋正在努力 zhou 路中,"App 自行取消, 54分钟前"
[兔子]糖糖炖蛋[兔子],好嘟,
[兔子]糖糖炖蛋[兔子],胖胖猪到啦,
上海彩虹合唱团重返上海啦🌈,10月7日上达中央公园，60-280元超良心票价，青浦水岸唱响《上海的那头》！9月14日12点开票，立即预约👉,
上海彩虹合唱团重返上海啦🌈,10月7日上达中央公园，60-280元超良心票价，青浦水岸唱响《上海的那头》！9月14日12点开票，立即预约👉,"取消原因未知, 1小时前"
马克马克马克 私信你,给你分享了[评论],
马克马克马克 私信你,给你分享了[评论],"取消原因未知, 1小时前"
有人出现,【小米智能门铃3-2204-糖糖兔大王的宫殿】,
有人出现,【小米智能门铃3-2204-糖糖兔大王的宫殿】,"取消原因未知, 1小时前"
[兔子]糖糖炖蛋[兔子],[4条][兔子]糖糖炖蛋[兔子]: 猪也来读书,
[兔子]糖糖炖蛋[兔子],[3条][兔子]糖糖炖蛋[兔子]: 哈哈哈哈哈哈哈,
[兔子]糖糖炖蛋[兔子],[2条][兔子]糖糖炖蛋[兔子]: 前段时间在评论区看到一句话特别有道理，以前是会读书的来读书，不会读书的去养猪。现在是会读书的来读书，不会读书的也来读书，养猪的也来读书，猪也来读书。。。。。。,
[兔子]糖糖炖蛋[兔子],好嘟,
Android 广告通知过滤应用,Plan.md 已更新完成，新增两大块内容： **1. §5.1 CSV 预训练**（对应你之后要导,
Android 广告通知过滤应用,Plan.md 已更新完成，新增两大块内容： **1. §5.1 CSV 预训练**（对应你之后要导,"因用户点击而取消, 1小时前"
Android 广告通知过滤应用,已创建 [Plan.md](file:///d:/TraeProjects/Notification,
Android 广告通知过滤应用,已创建 [Plan.md](file:///d:/TraeProjects/Notification,"取消原因未知, 1小时前"
[兔子]糖糖炖蛋[兔子],[2条][兔子]糖糖炖蛋[兔子]: [动画表情],
[兔子]糖糖炖蛋[兔子],好嘟,
✨夜间物流更新,夜间物流有更新，可能是您关注的包裹>>,
✨夜间物流更新,夜间物流有更新，可能是您关注的包裹>>,"因用户点击全部消除而取消, 1小时前"
🎨开做！像素拼豆小摆件,一键生成像素图案，DIY可爱小摆件🎀>,
随身wifi吧（关注）,几十的随身WiFi，刷个抖音都费劲,
随身wifi吧（关注）,几十的随身WiFi，刷个抖音都费劲,"取消原因未知, 2小时前"
周某（女，14岁）等7人被拘！,警方通报：已将陈某（女，18岁）、王某（男，16岁）刑拘，周某（女，14岁）等5人行拘>>,
周某（女，14岁）等7人被拘！,警方通报：已将陈某（女，18岁）、王某（男，16岁）刑拘，周某（女，14岁）等5人行拘>>,"取消原因未知, 2小时前"
您的数据未备份,立即添加一个备份账号,"取消原因未知, 2小时前"
等等党又赢了！925马力+CCD悬挂+浩瀚H7，补贴8.8万带劲不？,等你来看,
等等党又赢了！925马力+CCD悬挂+浩瀚H7，补贴8.8万带劲不？,等你来看,"被其他通知服务取消, 2小时前"
派送通知,🔵快递员发来一条派送提醒>>,
派送通知,🔵快递员发来一条派送提醒>>,"因用户滑动消除而取消, 2小时前"
查找,正在处理...,
查找,正在处理...,"App 自行取消, 2小时前"
中国女足首秀大胜⚽,为现场唯一的中国球迷鞠躬谢场 🇨🇳,
昨日ETF资金整体净流入196.23亿元,据同花顺iFinD数据显示，2026年9月11日，ETF资金整体净流入196.23亿元，股票型净流入96.65亿元，宽基型净流入43.16亿元。当日ETF资金净流入榜单排名前3依次为：海富通中证短融E,
昨日ETF资金整体净流入196.23亿元,据同花顺iFinD数据显示，2026年9月11日，ETF资金整体净流入196.23亿元，股票型净流入96.65亿元，宽基型净流入43.16亿元。当日ETF资金净流入榜单排名前3依次为：海富通中证短融E,"被其他通知服务取消, 2小时前"
续航845km+800V+5C+高阶智驾，这样的“全能套餐”要什么价？,前排围观,
续航845km+800V+5C+高阶智驾，这样的“全能套餐”要什么价？,前排围观,"取消原因未知, 2小时前"
积分加倍活动火热进行中，千万不要错过哦,请在2026年9月13日之前，激活“Subway Surfers”的 5 倍积分优惠,
积分加倍活动火热进行中，千万不要错过哦,请在2026年9月13日之前，激活“Subway Surfers”的 5 倍积分优惠,"取消原因未知, 3小时前"
有 3 项更新,共有 28 项更新待安装,
有 3 项更新,共有 28 项更新待安装,"因用户点击全部消除而取消, 2小时前"
[兔子]糖糖炖蛋[兔子],[3条][兔子]糖糖炖蛋[兔子]: 已上车,
[兔子]糖糖炖蛋[兔子],[2条][兔子]糖糖炖蛋[兔子]: 复杂到我要按计算器,
[兔子]糖糖炖蛋[兔子],好嘟,
查找,正在处理...,
查找,正在处理...,"取消原因未知, 3小时前"
CameraNotification,,
CameraNotification,,"取消原因未知, 3小时前"
打开浏览器,查看https://github.com/DanSheng-bot/NotifyEnh.android/releases,"取消原因未知, 3小时前"
打开浏览器,查看https://github.com/DanSheng-bot/NotifyEnh.android/releases,
打开浏览器,查看https://github.com/Night-stars-1/Notice,
minecraftpe吧（关注）,局域网没办法联机 我想有个人进来挂机 然后用appleid在...,
minecraftpe吧（关注）,局域网没办法联机 我想有个人进来挂机 然后用appleid在...,"被其他通知服务取消, 3小时前"
寻觅属于你的气质范本✨,测出你的四季肤色，告别口红穿搭踩雷 >>💄,
[兔子]糖糖炖蛋[兔子],"[24条][兔子]糖糖炖蛋[兔子]: [语音] 6""",
[兔子]糖糖炖蛋[兔子],"[24条][兔子]糖糖炖蛋[兔子]: [语音] 6""",
[兔子]糖糖炖蛋[兔子],"[23条][兔子]糖糖炖蛋[兔子]: [语音] 4""",
[兔子]糖糖炖蛋[兔子],"[22条][兔子]糖糖炖蛋[兔子]: [语音] 5""",
[兔子]糖糖炖蛋[兔子],"[21条][兔子]糖糖炖蛋[兔子]: [语音] 4""",
[兔子]糖糖炖蛋[兔子],"[20条][兔子]糖糖炖蛋[兔子]: [语音] 4""",
"每日早间通勤助手任务：
1. 获取今天是星期几（用 cli",今天是星期六，需要判断单双周来决定是否提供通勤建议。 2026年1月1日是周四，所在周（12/29-1/4）为第1周。9月12日所在周为第37周，是**单周星期六**，需要提供通勤建议。 先获取天,
"每日早间通勤助手任务：
1. 获取今天是星期几（用 cli",今天是星期六，需要判断单双周来决定是否提供通勤建议。 2026年1月1日是周四，所在周（12/29-1/4）为第1周。9月12日所在周为第37周，是**单周星期六**，需要提供通勤建议。 先获取天,"取消原因未知, 3小时前"
[兔子]糖糖炖蛋[兔子],[19条][兔子]糖糖炖蛋[兔子]: 已到达,
微信支付,亲属卡扣款凭证,
微信支付,亲属卡扣款凭证,"因用户滑动消除而取消, 3小时前"
招商银行,您账户1662于09月12日07:28在【财付通-微信支付-滴滴出行】发生快捷支付扣款，人民币20.90,
招商银行,您账户1662于09月12日07:28在【财付通-微信支付-滴滴出行】发生快捷支付扣款，人民币20.90,"因用户滑动消除而取消, 3小时前"
[兔子]糖糖炖蛋[兔子],[18条][兔子]糖糖炖蛋[兔子]: 已上车,
[兔子]糖糖炖蛋[兔子],[17条][兔子]糖糖炖蛋[兔子]: [小程序] 我正在使用特惠快车，车牌号为[浙ADJ0392]，车主为[王师傅],
[兔子]糖糖炖蛋[兔子],[16条][兔子]糖糖炖蛋[兔子]: [动画表情] 贴贴,
[兔子]糖糖炖蛋[兔子],[15条][兔子]糖糖炖蛋[兔子]: [动画表情] 贴贴,
[兔子]糖糖炖蛋[兔子],[14条][兔子]糖糖炖蛋[兔子]: [动画表情] 早,
[兔子]糖糖炖蛋[兔子],[13条][兔子]糖糖炖蛋[兔子]: [动画表情] 早,
[兔子]糖糖炖蛋[兔子],[12条][兔子]糖糖炖蛋[兔子]: [动画表情] 摸肚肚,
[兔子]糖糖炖蛋[兔子],[11条][兔子]糖糖炖蛋[兔子]: [动画表情] 摸肚肚,
[兔子]糖糖炖蛋[兔子],[10条][兔子]糖糖炖蛋[兔子]: [动画表情],
[兔子]糖糖炖蛋[兔子],[8条][兔子]糖糖炖蛋[兔子]: [动画表情],
[兔子]糖糖炖蛋[兔子],[7条][兔子]糖糖炖蛋[兔子]: [动画表情],
[兔子]糖糖炖蛋[兔子],[6条][兔子]糖糖炖蛋[兔子]: zhao 安呀胖胖猪,
有人出现,【小米智能门铃3-2204-糖糖兔大王的宫殿】,
有人出现,【小米智能门铃3-2204-糖糖兔大王的宫殿】,"取消原因未知, 3小时前"
早上好，今日天气提醒,鹿城，晴转小雨，31/24°C，空气优，西北风1级,
早上好，今日天气提醒,鹿城，晴转小雨，31/24°C，空气优，西北风1级,"取消原因未知, 3小时前"
06:59有人移动,【小米智能摄像机C700-2204-糖糖兔大王的宫殿】,
06:59有人移动,【小米智能摄像机C700-2204-糖糖兔大王的宫殿】,"取消原因未知, 3小时前"
澎湃玩机交流(3条新消息),Q群管家: @一米阳光 🎉欢迎欢迎加入 HyperOS 交流群！有问题带机型找群主，不要随便安装群里模块除文件夹中的,
澎湃玩机交流(3条新消息),Q群管家: @一米阳光 🎉欢迎欢迎加入 HyperOS 交流群！有问题带机型找群主，不要随便安装群里模块除文件夹中的,
澎湃玩机交流(3条新消息),Q群管家: @一米阳光 🎉欢迎欢迎加入 HyperOS 交流群！有问题带机型找群主，不要随便安装群里模块除文件夹中的,"因用户点击而取消, 3小时前"
澎湃玩机交流(2条新消息),Q群管家: @反常乌云 🎉欢迎欢迎加入 HyperOS 交流群！有问题带机型找群主，不要随便安装群里模块除文件夹中的,
澎湃玩机交流,[有人@我]Q群管家: @ytdttj 🎉欢迎欢迎加入 HyperOS 交流群！有问题带机型找群主，不要随便安装群里模块除文件夹中的,
[兔子]糖糖炖蛋[兔子],[5条][兔子]糖糖炖蛋[兔子]: 微信也要睡觉吗,
[兔子]糖糖炖蛋[兔子],[4条][兔子]糖糖炖蛋[兔子]: 而且为什么一点多给我发的消息现在才跳出来,
[兔子]糖糖炖蛋[兔子],[3条][兔子]糖糖炖蛋[兔子]: [动画表情],
[兔子]糖糖炖蛋[兔子],[2条][兔子]糖糖炖蛋[兔子]: 到现在没睡着,
[兔子]糖糖炖蛋[兔子],我四点半醒了,
美股三大指数集体收涨 戴尔科技大涨11%,美股三大指数周五集体收涨，但全周收跌。道指涨0.98%，本周累跌1.57%；纳指涨0.96%，本周累跌0.66%；标普500指数涨0.86%，本周累跌0.8%。光通信板块上涨，迈威尔科技涨超4%，Co,
美股三大指数集体收涨 戴尔科技大涨11%,美股三大指数周五集体收涨，但全周收跌。道指涨0.98%，本周累跌1.57%；纳指涨0.96%，本周累跌0.66%；标普500指数涨0.86%，本周累跌0.8%。光通信板块上涨，迈威尔科技涨超4%，Co,"取消原因未知, 6小时前"
已安装 Aether Nightly Nightly 7d3eb3c1d8f3,"耗时:0m0s386ms,点按启动应用。",
已安装 Aether Nightly Nightly 7d3eb3c1d8f3,"耗时:0m0s386ms,点按启动应用。","取消原因未知, 8小时前"
,,"取消原因未知, 8小时前"
QQ邮箱提醒,DeepSeek: 继续提供 DeepSeek V4 Pro API 调用服务通知 ,
QQ邮箱提醒,DeepSeek: 继续提供 DeepSeek V4 Pro API 调用服务通知 ,"取消原因未知, 9小时前"
特关 房东的猫,"9月23日，来#2026北航问天音乐节#共赴一场星海之约吧：） #太校园音乐节# ​​​
ytdttj",
特关 房东的猫,"9月23日，来#2026北航问天音乐节#共赴一场星海之约吧：） #太校园音乐节# ​​​
ytdttj","取消原因未知, 9小时前"
特关 房东的猫,"上海的秋天 
 :-) ​​​
ytdttj",
特关 房东的猫,"上海的秋天 
 :-) ​​​
ytdttj","取消原因未知, 9小时前"
有人出现,【小米智能门铃3-2204-糖糖兔大王的宫殿】,
有人出现,【小米智能门铃3-2204-糖糖兔大王的宫殿】,"取消原因未知, 9小时前"
查找,正在处理...,
查找,正在处理...,"取消原因未知, 9小时前"
有人出现,【小米智能门铃3-2204-糖糖兔大王的宫殿】,
有人出现,【小米智能门铃3-2204-糖糖兔大王的宫殿】,"取消原因未知, 10小时前"
OpenClaw,[图片],
OpenClaw,[图片],"取消原因未知, 10小时前"
查找,正在处理...,
查找,正在处理...,"取消原因未知, 10小时前"
更新成功,更新 SS 成功,"取消原因未知, 10小时前"
更新成功,更新 狗狗加速 成功,"取消原因未知, 10小时前"
更新成功,更新 白月光 成功,"取消原因未知, 10小时前"
更新成功,更新 遥遥领先 成功,"取消原因未知, 10小时前"
查找,正在处理...,
查找,正在处理...,"App 自行取消, 10小时前"
您的数据未备份,立即添加一个备份账号,"App 自行取消, 10小时前"
查找,正在处理...,"取消原因未知, 10小时前"
HyperOS_Battery_Unloc….zip,下载完成 • 76.52 KB,
HyperOS_Battery_Unloc….zip,下载完成 • 76.52 KB,"因用户点击而取消, 10小时前"
HyperOS_Battery_Unloc….zip,已下载 76.52 KB，共 76.52 KB,
查找,正在处理...,"App 自行取消, 10小时前"
已安装 Operit AI 1.12.1+6,"耗时:0m3s697ms,点按启动应用。",
已安装 Operit AI 1.12.1+6,"耗时:0m3s697ms,点按启动应用。","因用户点击全部消除而取消, 10小时前"
项俊凯 [互相关注],推荐了视频：JASON吴福建抗洪实录,
项俊凯 [互相关注],推荐了视频：JASON吴福建抗洪实录,"被其他通知服务取消, 10小时前"
minecraft吧（关注）,我是不是有点火星了 这些玩意儿居然是同一个作者的？,
minecraft吧（关注）,我是不是有点火星了 这些玩意儿居然是同一个作者的？,"取消原因未知, 10小时前"
查找,正在处理...,"App 自行取消, 11小时前"
新邮件：Qoder,"Buy one month of Pro or Pro+, get double the Credits",
新邮件：Qoder,"Buy one month of Pro or Pro+, get double the Credits","取消原因未知, 11小时前"
糖糖包老婆🥰🥰,私信了你: [分享视频],
糖糖包老婆🥰🥰,私信了你: [分享视频],"被其他通知服务取消, 11小时前"
糖糖包老婆🥰🥰,私信了你: [分享视频],
糖糖包老婆🥰🥰,私信了你: [分享视频],"被其他通知服务取消, 11小时前"
付骢[火][表情],[3条]付骢[火][表情]: 傻逼地方,
付骢[火][表情],[2条]付骢[火][表情]: 受不了了,
付骢[火][表情],我他妈去网吧了,
付骢,和你一起续了火花,
付骢,和你一起续了火花,"因用户滑动消除而取消, 11小时前"
付骢[火][表情],[2条]付骢[火][表情]: 我操你妈,
付骢[火][表情],又停电了,
[兔子]糖糖炖蛋[兔子],[图片],
招商银行,您账户1662于09月11日23:36在【抖音支付-环胜电子商务（上海）有限公司】发生快捷支付扣款，人民币8.00,
招商银行,您账户1662于09月11日23:36在【抖音支付-环胜电子商务（上海）有限公司】发生快捷支付扣款，人民币8.00,"因用户点击全部消除而取消, 11小时前"
糖糖包老婆🥰🥰,我在抖音挑了喜欢的宝贝，帮我付个款吧，下次我帮你！,
糖糖包老婆🥰🥰,我在抖音挑了喜欢的宝贝，帮我付个款吧，下次我帮你！,"被其他通知服务取消, 11小时前"
查找,正在处理...,"App 自行取消, 11小时前"
打开菜鸟,查快递500000000,
付骢[火][表情],我真的是艹了,
付骢[火][表情],[5条]付骢[火][表情]: 你妈的,
付骢[火][表情],[4条]付骢[火][表情]: 整栋跳闸了,
付骢[火][表情],[3条]付骢[火][表情]: 手感火热,
付骢[火][表情],[2条]付骢[火][表情]: apex 打得正嗨,
付骢[火][表情],他妈的,
[兔子]糖糖炖蛋[兔子],[链接] 生产如何能避开这种护士,
查找,正在处理...,"App 自行取消, 12小时前"
焕新ZEEKR 007GT，让猎装再帅一点,等你来看,
焕新ZEEKR 007GT，让猎装再帅一点,等你来看,"取消原因未知, 12小时前"
「菜鸟」物流服务通知,有一个他人寄给您的圆通速递包裹已到达浙江省温州市，点击查看详情>>,
「菜鸟」物流服务通知,有一个他人寄给您的圆通速递包裹已到达浙江省温州市，点击查看详情>>,"因用户点击全部消除而取消, 12小时前"
运输通知,您的包裹已中转至新站点，点击查看预计送达时间>>,
运输通知,您的包裹已中转至新站点，点击查看预计送达时间>>,"因用户点击全部消除而取消, 12小时前"
查找,正在处理...,
查找,正在处理...,"App 自行取消, 13小时前"
妈,对,
妈,对,"App 自行取消, 13小时前"
妈,5.4公里,
打开高德地图,上海美逸豪酒店,
妈,[3条]妈: 咋啦,
妈,[2条]妈: 上海美逸豪酒店,
妈,我看看,
c语言吧（关注）,为什么运行不了喵😭 #define _CRT_SECURE_...,
c语言吧（关注）,为什么运行不了喵😭 #define _CRT_SECURE_...,"被其他通知服务取消, 13小时前"
应用商店正在检查应用更新,,"App 自行取消, 13小时前"
应用商店正在检查应用更新,,
来自[Xiaomi 14 Ultra]的精选内容,这手机拍照太吃阳光了，有阳光拍出来的照片特别好看，反之侧很普通。,
来自[Xiaomi 14 Ultra]的精选内容,这手机拍照太吃阳光了，有阳光拍出来的照片特别好看，反之侧很普通。,"被其他通知服务取消, 13小时前"
随身wifi吧（关注）,现在大家都用的什么卡啊？求推荐🙏,
随身wifi吧（关注）,现在大家都用的什么卡啊？求推荐🙏,"取消原因未知, 13小时前"
OpenClaw,[图片],
OpenClaw,[图片],"因用户滑动消除而取消, 13小时前"
[兔子]糖糖炖蛋[兔子],[图片],
查找,正在处理...,
笨蛋YBY,那还行,
笨蛋YBY,那还行,"App 自行取消, 14小时前"
笨蛋YBY,那可能有点玩不了哈哈哈,
笨蛋YBY,过,
笨蛋YBY,[2条]笨蛋YBY: 这个我刷到,
笨蛋YBY,ok,
REDMI K100 Pro Max 赛博大片,魔都夜景“隐藏彩蛋”，点击查看>>,
REDMI K100 Pro Max 赛博大片,魔都夜景“隐藏彩蛋”，点击查看>>,"被其他通知服务取消, 14小时前"
退出快充加速,息屏后极致加速，设备温度略有升高,"取消原因未知, 14小时前"
“应用通话录音”正在运行,点按即可了解详情或停止应用。,"App 自行取消, 10小时前"
AI录音纪要,AI录音纪要,"因用户点击全部消除而取消, 12小时前"
「菜鸟」物流服务通知,你的圆通速递包裹已中转至浙江省杭州市，点击查看预计送达时间>>,
「菜鸟」物流服务通知,你的圆通速递包裹已中转至浙江省杭州市，点击查看预计送达时间>>,"因用户点击全部消除而取消, 14小时前"
运输通知,别人给您买的包裹已中转至浙江省杭州市，点击查看预计送达时间>>,
运输通知,别人给您买的包裹已中转至浙江省杭州市，点击查看预计送达时间>>,"因用户点击全部消除而取消, 14小时前"
[兔子]糖糖炖蛋[兔子],[语音通话],
c语言吧（关注）,cursor使用 本人刚上大学，cursor怎么用啊，求吧友...,
c语言吧（关注）,cursor使用 本人刚上大学，cursor怎么用啊，求吧友...,"被其他通知服务取消, 14小时前"
[兔子]糖糖炖蛋[兔子],[2条][兔子]糖糖炖蛋[兔子]: 我要继续锻炼了,
[兔子]糖糖炖蛋[兔子],妈妈刚下班,
Keep,今天的连动还未达成，最后 3 小时啦！,"被其他通知服务取消, 14小时前"
有人出现,【小米智能门铃3-2204-糖糖兔大王的宫殿】,
有人出现,【小米智能门铃3-2204-糖糖兔大王的宫殿】,"因用户点击全部消除而取消, 14小时前"
支付宝卡包,你的滴滴优惠券5元券即将到期，点击查看详情。,
支付宝卡包,你的滴滴优惠券5元券即将到期，点击查看详情。,"被其他通知服务取消, 15小时前"
[兔子]糖糖炖蛋[兔子],好嘟,
[兔子]糖糖炖蛋[兔子],锻炼因为妈妈打来的视频中断了,
这辆2026款ZEEKR 007GT， 里程0.98万公里，过户1次，性价比超82%的车，快来...,二手ZEEKR 007GT已到货,
这辆2026款ZEEKR 007GT， 里程0.98万公里，过户1次，性价比超82%的车，快来...,二手ZEEKR 007GT已到货,"被其他通知服务取消, 15小时前"
你关注的内测有新置顶公告！,戳我查看,
你关注的内测有新置顶公告！,戳我查看,"被其他通知服务取消, 15小时前"
沿清源路,直行27米｜高德导航中,
沿清源路,直行27米｜高德导航中,"App 自行取消, 15小时前"
沿清源路,直行28米｜高德导航中,
沿清源路,直行30米｜高德导航中,
沿清源路,直行33米｜高德导航中,
沿清源路,直行35米｜高德导航中,
沿清源路,直行39米｜高德导航中,
沿清源路,直行42米｜高德导航中,
沿清源路,直行44米｜高德导航中,
沿清源路,直行46米｜高德导航中,
沿清源路,直行48米｜高德导航中,
11米后右转,进入清源路｜高德导航中,
15米后右转,进入清源路｜高德导航中,
18米后右转,进入清源路｜高德导航中,
22米后右转,进入清源路｜高德导航中,
26米后右转,进入清源路｜高德导航中,
31米后右转,进入清源路｜高德导航中,
37米后右转,进入清源路｜高德导航中,
41米后右转,进入清源路｜高德导航中,
46米后右转,进入清源路｜高德导航中,
51米后右转,进入清源路｜高德导航中,
55米后右转,进入清源路｜高德导航中,
59米后右转,进入清源路｜高德导航中,
63米后右转,进入清源路｜高德导航中,
68米后右转,进入清源路｜高德导航中,
72米后右转,进入清源路｜高德导航中,
76米后右转,进入清源路｜高德导航中,
81米后右转,进入清源路｜高德导航中,
86米后右转,进入清源路｜高德导航中,
89米后右转,进入清源路｜高德导航中,
【通知】Beta版内测有新置顶公告,点击查看,
92米后右转,进入清源路｜高德导航中,
95米后右转,进入清源路｜高德导航中,
97米后右转,进入清源路｜高德导航中,
102米后右转,进入清源路｜高德导航中,
103米后右转,进入清源路｜高德导航中,
105米后右转,进入清源路｜高德导航中,
108米后右转,进入清源路｜高德导航中,
6米后右转,进入宏源路｜高德导航中,
8米后右转,进入宏源路｜高德导航中,
10米后右转,进入宏源路｜高德导航中,
11米后右转,进入宏源路｜高德导航中,
12米后右转,进入宏源路｜高德导航中,
13米后右转,进入宏源路｜高德导航中,
14米后右转,进入宏源路｜高德导航中,
16米后右转,进入宏源路｜高德导航中,
17米后右转,进入宏源路｜高德导航中,
20米后右转,进入宏源路｜高德导航中,
22米后右转,进入宏源路｜高德导航中,
24米后右转,进入宏源路｜高德导航中,
27米后右转,进入宏源路｜高德导航中,
29米后右转,进入宏源路｜高德导航中,
31米后右转,进入宏源路｜高德导航中,
33米后右转,进入宏源路｜高德导航中,
35米后右转,进入宏源路｜高德导航中,
37米后右转,进入宏源路｜高德导航中,
38米后右转,进入宏源路｜高德导航中,
40米后右转,进入宏源路｜高德导航中,
43米后右转,进入宏源路｜高德导航中,
46米后右转,进入宏源路｜高德导航中,
49米后右转,进入宏源路｜高德导航中,
53米后右转,进入宏源路｜高德导航中,
57米后右转,进入宏源路｜高德导航中,
61米后右转,进入宏源路｜高德导航中,
65米后右转,进入宏源路｜高德导航中,
68米后右转,进入宏源路｜高德导航中,
72米后右转,进入宏源路｜高德导航中,
75米后右转,进入宏源路｜高德导航中,
79米后右转,进入宏源路｜高德导航中,
83米后右转,进入宏源路｜高德导航中,
87米后右转,进入宏源路｜高德导航中,
91米后右转,进入宏源路｜高德导航中,
97米后右转,进入宏源路｜高德导航中,
101米后右转,进入宏源路｜高德导航中,
104米后右转,进入宏源路｜高德导航中,
105米后右转,进入宏源路｜高德导航中,
107米后右转,进入宏源路｜高德导航中,
110米后右转,进入宏源路｜高德导航中,
113米后右转,进入宏源路｜高德导航中,
116米后右转,进入宏源路｜高德导航中,
119米后右转,进入宏源路｜高德导航中,
124米后右转,进入宏源路｜高德导航中,
127米后右转,进入宏源路｜高德导航中,
132米后右转,进入宏源路｜高德导航中,
138米后右转,进入宏源路｜高德导航中,
144米后右转,进入宏源路｜高德导航中,
153米后右转,进入宏源路｜高德导航中,
161米后右转,进入宏源路｜高德导航中,
169米后右转,进入宏源路｜高德导航中,
176米后右转,进入宏源路｜高德导航中,
182米后右转,进入宏源路｜高德导航中,
188米后右转,进入宏源路｜高德导航中,
196米后右转,进入宏源路｜高德导航中,
沿花源路,直行203米｜高德导航中,
沿花源路,直行209米｜高德导航中,
沿花源路,直行215米｜高德导航中,
沿花源路,直行219米｜高德导航中,
沿花源路,直行222米｜高德导航中,
沿花源路,直行225米｜高德导航中,
沿花源路,直行229米｜高德导航中,
沿花源路,直行235米｜高德导航中,
马克马克马克 私信你,给你分享了[评论],
马克马克马克 私信你,给你分享了[评论],"因用户点击全部消除而取消, 15小时前"
马克马克马克 私信你,给你分享了[评论],
马克马克马克 私信你,给你分享了[评论],"因用户点击全部消除而取消, 15小时前"
[猪][马][猴子][鸡],[6条]笨蛋YBY: 那就姜虎东吧,
[猪][马][猴子][鸡],[6条]笨蛋YBY: 那就姜虎东吧,"因用户点击而取消, 15小时前"
[猪][马][猴子][鸡],[5条]爸: 坐两桌不行吗,
[猪][马][猴子][鸡],[4条]妈: 姜虎东烤肉得了,
[猪][马][猴子][鸡],[3条]笨蛋YBY: 爷爷奶奶来得换一家,
[猪][马][猴子][鸡],[2条]笨蛋YBY: 这家店有点小，可能坐不下,
[猪][马][猴子][鸡],爸: 我发给爷爷奶奶,
笨蛋YBY,[动画表情],
CameraNotification,,"取消原因未知, 15小时前"
随身wifi吧（关注）,随身WIFI连vpn有风险吗,
随身wifi吧（关注）,随身WIFI连vpn有风险吗,"被其他通知服务取消, 15小时前"
晚上好，明日天气提醒,鹿城，小雨，30/25°C，空气优，西北风1级,
[猪][马][猴子][鸡],[7条][位置] 姜虎东白丁烤肉(绣山路店),
[猪][马][猴子][鸡],[6条]妈: 姜虎东？,
[猪][马][猴子][鸡],"[5条]爸: [语音] 4""",
[猪][马][猴子][鸡],[4条]妈: 时代过去一些呗,
[猪][马][猴子][鸡],"[3条]笨蛋YBY: [语音] 5""",
[猪][马][猴子][鸡],[2条]妈: 哦,
[兔子]糖糖炖蛋[兔子],[2条][兔子]糖糖炖蛋[兔子]: [动画表情],
[猪][马][猴子][鸡],爸: 发位置,
[兔子]糖糖炖蛋[兔子],三分多钟已经无氧了,
[猪][马][猴子][鸡],[3条]爸: 那去哪一家,
[猪][马][猴子][鸡],[2条]笨蛋YBY: 变成日料店了,
[猪][马][猴子][鸡],笨蛋YBY: [图片],
[猪][马][猴子][鸡],爸: 商量好了吗,
[兔子]糖糖炖蛋[兔子],[2条][兔子]糖糖炖蛋[兔子]: 这东西太恐怖了,
[兔子]糖糖炖蛋[兔子],今天能练到 20 分钟的安娜吗,
[兔子]糖糖炖蛋[兔子],[2条][兔子]糖糖炖蛋[兔子]: 我要准备开练了,
小爱正在运行中,,
小爱正在运行中,,"App 自行取消, 16小时前"
[兔子]糖糖炖蛋[兔子],好嘟,
[兔子]糖糖炖蛋[兔子],[3条][兔子]糖糖炖蛋[兔子]: 阿姨休息了嘛,
[兔子]糖糖炖蛋[兔子],[2条][兔子]糖糖炖蛋[兔子]: [动画表情],
[兔子]糖糖炖蛋[兔子],明天晚上,
王钧博,私信了你: [分享视频],
王钧博,私信了你: [分享视频],"被其他通知服务取消, 16小时前"
“吉利银河M9”：6座改5座更名M8，能用“低价”打败理想L8吗？,懂车帝,
“吉利银河M9”：6座改5座更名M8，能用“低价”打败理想L8吗？,懂车帝,"取消原因未知, 16小时前"
[猪][马][猴子][鸡],[8条]妈: 那家应该不叫基家吧,
[猪][马][猴子][鸡],"[7条]爸: [语音] 3""",
[猪][马][猴子][鸡],[6条]妈: 将军？,
[猪][马][猴子][鸡],[5条]爸: 再想一家,
[猪][马][猴子][鸡],[4条]爸: 肯定没了,
[猪][马][猴子][鸡],[3条]妈: 这样啊,
[猪][马][猴子][鸡],[2条]妈: 在的吧,
[猪][马][猴子][鸡],笨蛋YBY: 我在美团上也搜不到了,
[猪][马][猴子][鸡],笨蛋YBY: 我搜一下,
[猪][马][猴子][鸡],"爸: [语音] 6""",
糖糖兔大王 私信你,给你分享了[笔记],
糖糖兔大王 私信你,给你分享了[笔记],"因通知摘要被取消而取消, 16小时前"
微信支付,退款到账通知,
扫码自助服务助手,充电结束通知,
扫码自助服务助手,充电结束通知,"App 自行取消, 16小时前"
糖糖兔大王 私信你,给你分享了[笔记],
糖糖兔大王 私信你,给你分享了[笔记],"因通知摘要被取消而取消, 16小时前"
ZEEKR 007GT电池寿命官方数据与真实车主反馈，一文详解真实差距	,Ai:ZEEKR 007GT电池寿命多久,"被其他通知服务取消, 16小时前"
糖糖兔大王 私信你,给你分享了[评论],
糖糖兔大王 私信你,给你分享了[评论],"因通知摘要被取消而取消, 16小时前"
糖糖兔大王 私信你,哈哈哈哈,
糖糖兔大王 私信你,哈哈哈哈,"因通知摘要被取消而取消, 16小时前"
[兔子]糖糖炖蛋[兔子],[2条][兔子]糖糖炖蛋[兔子]: 待会儿理,
[兔子]糖糖炖蛋[兔子],好嘟,
[兔子]糖糖炖蛋[兔子],[2条][兔子]糖糖炖蛋[兔子]: 咩,
[兔子]糖糖炖蛋[兔子],胖胖炖蛋还没吃好饭饭,
试试问豆包,为什么许多程序员喜欢使用 Dvorak 键盘布局？,
试试问豆包,为什么许多程序员喜欢使用 Dvorak 键盘布局？,"被其他通知服务取消, 17小时前"
糖糖兔大王 私信你,给你分享了[评论],
糖糖兔大王 私信你,给你分享了[评论],"因用户滑动消除而取消, 17小时前"
小牛电动,RB19 充电已结束，电量已充至 100%。,
小牛电动,RB19 充电已结束，电量已充至 100%。,"因用户滑动消除而取消, 17小时前"
[兔子]糖糖炖蛋[兔子],这个雾越来越大了,
[兔子]糖糖炖蛋[兔子],[5条][兔子]糖糖炖蛋[兔子]: [图片],
糖糖兔大王 私信你,给你分享了[评论],
糖糖兔大王 私信你,给你分享了[评论],"因用户点击全部消除而取消, 17小时前"
[兔子]糖糖炖蛋[兔子],[4条][兔子]糖糖炖蛋[兔子]: 你最好能让我瘦,
[兔子]糖糖炖蛋[兔子],[3条][兔子]糖糖炖蛋[兔子]: 安娜,
[兔子]糖糖炖蛋[兔子],[2条][兔子]糖糖炖蛋[兔子]: 糖糖炖蛋屁屁有点痛痛嘟,
[兔子]糖糖炖蛋[兔子],好嘟,
💕愿你比那年更快乐💕,「订阅故事已送达」2019年3月26日你拍下了这些照片,
c语言吧（关注）,新手求助一下,
c语言吧（关注）,新手求助一下,"被其他通知服务取消, 17小时前"
[兔子]糖糖炖蛋[兔子],[5条][兔子]糖糖炖蛋[兔子]: 懒得做饭,
[兔子]糖糖炖蛋[兔子],[4条][兔子]糖糖炖蛋[兔子]: 就这样吧,
[兔子]糖糖炖蛋[兔子],[3条][兔子]糖糖炖蛋[兔子]: 中午剩的都够了,
[兔子]糖糖炖蛋[兔子],[2条][兔子]糖糖炖蛋[兔子]: 都不用煮晚饭了,
[兔子]糖糖炖蛋[兔子],真 zhui 了,
「Porter Robinson」的《Everything Goes On》,是我藏在心底的秘密~,
「Porter Robinson」的《Everything Goes On》,是我藏在心底的秘密~,"被其他通知服务取消, 18小时前"
爸,[3条]爸: 50%几的，很容易变的，所以你经常不一样,
爸,[3条]爸: 50%几的，很容易变的，所以你经常不一样,"因用户点击而取消, 18小时前"
爆款上架：,移动飞久卡39元160G+100分钟发合肥，浙江联通专属卡29元150G+500分钟+4年会员,
爆款上架：,移动飞久卡39元160G+100分钟发合肥，浙江联通专属卡29元150G+500分钟+4年会员,"因用户点击全部消除而取消, 18小时前"
[兔子]糖糖炖蛋[兔子],[2条][兔子]糖糖炖蛋[兔子]: 我是个假 e 人,
[兔子]糖糖炖蛋[兔子],哈哈哈哈哈哈哈,
[兔子]糖糖炖蛋[兔子],[2条][兔子]糖糖炖蛋[兔子]: [图片],
[兔子]糖糖炖蛋[兔子],[图片],
本田也扛不住了！一降再降，从38500降到23980,超2.0万人关注的作者发文啦！,
本田也扛不住了！一降再降，从38500降到23980,超2.0万人关注的作者发文啦！,"被其他通知服务取消, 18小时前"
妈,哦,
打开浏览器,查看https://www.16personalities.com/ch/%E4%BA%BA%E6%A0%BC%E6%B5%8B%E8%AF%95,
妈,回来吃吗,
电影吧（关注）,三体宇宙CEO曝新进展：《三体》电影正稳步开发中,
电影吧（关注）,三体宇宙CEO曝新进展：《三体》电影正稳步开发中,"被其他通知服务取消, 18小时前"
小米,【小米】诚邀您参与手机体验小调研，请点击 https://s.mi.cn/c/6QkurXE0 填答。助力体验提升！ 拒收请回复R,
小米,【小米】诚邀您参与手机体验小调研，请点击 https://s.mi.cn/c/6QkurXE0 填答。助力体验提升！ 拒收请回复R,"因用户滑动消除而取消, 18小时前"
糟糕！被这些歌,击中了心脏,
糟糕！被这些歌,击中了心脏,"被其他通知服务取消, 19小时前"
飞书,大主理人: 低收益区（合计回报率 0%~30%）1. 004752 广发中证传媒ETF联接A — 净值 0.8330 | 日 -1.17%...,
飞书,大主理人: 低收益区（合计回报率 0%~30%）1. 004752 广发中证传媒ETF联接A — 净值 0.8330 | 日 -1.17%...,"因通知摘要被取消而取消, 18小时前"
飞书,"大主理人: 📊 基金查询结果（按合计回报率从低到高排序）
📅 2026-09-11亏损区（合计回报率为负）1. 004642...",
飞书,"大主理人: 📊 基金查询结果（按合计回报率从低到高排序）
📅 2026-09-11亏损区（合计回报率为负）1. 004642...","因通知摘要被取消而取消, 18小时前"
宝马X3新款上市！31.8万起，座椅通风加热全系标配，真香？,宝马X3上市，这个价格它胜算大吗？,
宝马X3新款上市！31.8万起，座椅通风加热全系标配，真香？,宝马X3上市，这个价格它胜算大吗？,"被其他通知服务取消, 19小时前"
[兔子]糖糖炖蛋[兔子],每个东东都有 jiji 嘟位置,
[兔子]糖糖炖蛋[兔子],米戳米戳,
[兔子]糖糖炖蛋[兔子],不然灰太大了,
[兔子]糖糖炖蛋[兔子],得是封窗的,
[兔子]糖糖炖蛋[兔子],有道泥,
[兔子]糖糖炖蛋[兔子],[7条][兔子]糖糖炖蛋[兔子]: 来专门放我的宝贝,
[兔子]糖糖炖蛋[兔子],[6条][兔子]糖糖炖蛋[兔子]: 所以我需要一个巨大的庄园,
[兔子]糖糖炖蛋[兔子],[5条][兔子]糖糖炖蛋[兔子]: 但是又舍不得回收或者丢掉旧的,
[兔子]糖糖炖蛋[兔子],[4条][兔子]糖糖炖蛋[兔子]: 我就是喜欢新的东西,
[兔子]糖糖炖蛋[兔子],[3条][兔子]糖糖炖蛋[兔子]: [动画表情],
[兔子]糖糖炖蛋[兔子],[2条][兔子]糖糖炖蛋[兔子]: 就开始看新车了,
快递发出通知,📦您有快递正在飞速奔来🚀，点击查看快递信息，还能设置收件方式哦>>>,
快递发出通知,📦您有快递正在飞速奔来🚀，点击查看快递信息，还能设置收件方式哦>>>,"因用户点击全部消除而取消, 19小时前"
服务号,顺丰速运: 快递发出通知,
服务号,顺丰速运: 快递发出通知,"因用户点击而取消, 19小时前"
[兔子]糖糖炖蛋[兔子],车贷还没还完,
[兔子]糖糖炖蛋[兔子],就算是四个轮的,
[兔子]糖糖炖蛋[兔子],别说电瓶车了,
[兔子]糖糖炖蛋[兔子],只会增加我的用车成本,
[兔子]糖糖炖蛋[兔子],[2条][兔子]糖糖炖蛋[兔子]: 锂电池的车就是不适合我,
[兔子]糖糖炖蛋[兔子],就是喜欢新的东西,
15:12有人移动,【小米智能摄像机C700-2204-糖糖兔大王的宫殿】,
15:12有人移动,【小米智能摄像机C700-2204-糖糖兔大王的宫殿】,"因用户点击全部消除而取消, 19小时前"
[兔子]糖糖炖蛋[兔子],就我这种,
[兔子]糖糖炖蛋[兔子],那也得看情况,
[兔子]糖糖炖蛋[兔子],[表情],
[兔子]糖糖炖蛋[兔子],一个只要三千多一个要五千多,
UniversalClipboardService,,
[兔子]糖糖炖蛋[兔子],有 app 控制的基本都是锂电池,
您的包裹运输时效保障提醒,小主，您的包裹已在途中。检测到您有一笔“慢必赔”权益未激活，超48小时将自动作废，请点击确认以保障权益 >>,
您的包裹运输时效保障提醒,小主，您的包裹已在途中。检测到您有一笔“慢必赔”权益未激活，超48小时将自动作废，请点击确认以保障权益 >>,"因用户点击全部消除而取消, 19小时前"
15:02有人移动,【小米智能摄像机C700-2204-糖糖兔大王的宫殿】,
15:02有人移动,【小米智能摄像机C700-2204-糖糖兔大王的宫殿】,"因用户点击全部消除而取消, 19小时前"
付骢[火][表情],[2条]付骢[火][表情]: 好久没开了,
付骢[火][表情],这周我要去开卡丁车,
扫码自助服务助手,订单开始通知,
微信支付,已支付¥2.00,
14:52有人移动,【小米智能摄像机C700-2204-糖糖兔大王的宫殿】,
14:52有人移动,【小米智能摄像机C700-2204-糖糖兔大王的宫殿】,"因用户滑动消除而取消, 20小时前"
[兔子]糖糖炖蛋[兔子],[2条][兔子]糖糖炖蛋[兔子]: 盒马,
[兔子]糖糖炖蛋[兔子],哇塞,
14:42有人移动,【小米智能摄像机C700-2204-糖糖兔大王的宫殿】,
14:42有人移动,【小米智能摄像机C700-2204-糖糖兔大王的宫殿】,"因用户滑动消除而取消, 20小时前"
付骢[火][表情],[2条]付骢[火][表情]: [动画表情],
付骢[火][表情],[图片],
[兔子]糖糖炖蛋[兔子],[2条][兔子]糖糖炖蛋[兔子]: [动画表情],
[兔子]糖糖炖蛋[兔子],哦莫,
[兔子]糖糖炖蛋[兔子],[7条][兔子]糖糖炖蛋[兔子]: [动画表情],
,,"因用户点击全部消除而取消, 19小时前"
查找,正在处理...,"App 自行取消, 20小时前"
纯电续航1008km，比亚迪又造了台掀桌子的车？实拍比亚迪大汉,前排围观,
纯电续航1008km，比亚迪又造了台掀桌子的车？实拍比亚迪大汉,前排围观,"取消原因未知, 20小时前"
马克马克马克 私信你,给你分享了[评论],
马克马克马克 私信你,给你分享了[评论],"因用户点击全部消除而取消, 20小时前"
应用接力服务,服务正在运行,
电影吧（关注）,一个人去看电影能让人产生深刻思考吗,
电影吧（关注）,一个人去看电影能让人产生深刻思考吗,"被其他通知服务取消, 20小时前"
快拍已上传！,,
快拍已上传！,,"因超时而取消, 20小时前"
,,"因用户点击全部消除而取消, 20小时前"
微博发送成功,,
微博发送成功,,"取消原因未知, 21小时前"
[财富黑卡理财师],邓林:猜您想问：,
[财富黑卡理财师],邓林:猜您想问：,"被其他通知服务取消, 21小时前"
13:30有人移动,【小米智能摄像机C700-2204-糖糖兔大王的宫殿】,
13:30有人移动,【小米智能摄像机C700-2204-糖糖兔大王的宫殿】,"因用户点击全部消除而取消, 21小时前"
这辆2023款Polestar 4， 里程10万公里，过户1次，性价比超85%的车，快来看看>...,二手Polestar 4已到货,
这辆2023款Polestar 4， 里程10万公里，过户1次，性价比超85%的车，快来看看>...,二手Polestar 4已到货,"被其他通知服务取消, 21小时前"
小蓝豆+129,本单您获得129颗小蓝豆，距离升级更近一步,
小蓝豆+129,本单您获得129颗小蓝豆，距离升级更近一步,"被其他通知服务取消, 21小时前"
luckincoffee瑞幸咖啡,商品领取提醒,
13:20有人移动,【小米智能摄像机C700-2204-糖糖兔大王的宫殿】,
13:20有人移动,【小米智能摄像机C700-2204-糖糖兔大王的宫殿】,"因用户滑动消除而取消, 21小时前"
笨蛋YBY,[强][强][强],
包裹已出发,包裹已开始运输，超48小时无法激活“超时享”哦～,
包裹已出发,包裹已开始运输，超48小时无法激活“超时享”哦～,"因用户滑动消除而取消, 21小时前"
笨蛋YBY,这个小一点不过丑一点,
luckincoffee瑞幸咖啡,排队提醒,
招商银行,您账户1662于09月11日13:15在【财付通-微信支付-luckincoff…】发生快捷支付扣款，人民币12.90,
招商银行,您账户1662于09月11日13:15在【财付通-微信支付-luckincoff…】发生快捷支付扣款，人民币12.90,"因用户滑动消除而取消, 21小时前"
微信支付,已支付¥12.90,
工银信使,爱奇艺会员超值特惠，领券享额外立减！,
工银信使,爱奇艺会员超值特惠，领券享额外立减！,"被其他通知服务取消, 21小时前"
笨蛋YBY,[2条]笨蛋YBY: 这种吗,
笨蛋YBY,[图片],
笨蛋YBY,是的,
笨蛋YBY,[4条]笨蛋YBY: 到时候一起拿,
笨蛋YBY,[3条]笨蛋YBY: 寄到学校去,
笨蛋YBY,[2条]笨蛋YBY: 我还想买个这种,
笨蛋YBY,[图片],
13:10有人移动,【小米智能摄像机C700-2204-糖糖兔大王的宫殿】,
13:10有人移动,【小米智能摄像机C700-2204-糖糖兔大王的宫殿】,"因用户点击全部消除而取消, 21小时前"
笨蛋YBY,这个比较实惠,
笨蛋YBY,[图片],
笨蛋YBY,[2条]笨蛋YBY: 这个应该不是椅子,
笨蛋YBY,[图片],
笨蛋YBY,她说拍了发螺丝,
笨蛋YBY,[图片],
c语言吧（关注）,有没有大哥推荐一下大一c++语言的b站或抖音的老师阿,
c语言吧（关注）,有没有大哥推荐一下大一c++语言的b站或抖音的老师阿,"被其他通知服务取消, 21小时前"
笨蛋YBY,今天买吗,
笨蛋YBY,[2条]笨蛋YBY: 我买这个怎么样,
笨蛋YBY,[图片],
13:00有人移动,【小米智能摄像机C700-2204-糖糖兔大王的宫殿】,
13:00有人移动,【小米智能摄像机C700-2204-糖糖兔大王的宫殿】,"因用户点击全部消除而取消, 21小时前"
中国农业银行,金融江湖之“李鬼”劫贷记,
中国农业银行,金融江湖之“李鬼”劫贷记,"被其他通知服务取消, 22小时前"
12:50有人移动,【小米智能摄像机C700-2204-糖糖兔大王的宫殿】,
12:50有人移动,【小米智能摄像机C700-2204-糖糖兔大王的宫殿】,"因用户点击全部消除而取消, 22小时前"
🫵麦麦省本周优惠戳了戳你,11.9元人气麦辣鸡腿堡/14元麦乐鸡买一送一，麦麦省本周优惠倒计时，快来领取美味😋,
🫵麦麦省本周优惠戳了戳你,11.9元人气麦辣鸡腿堡/14元麦乐鸡买一送一，麦麦省本周优惠倒计时，快来领取美味😋,"被其他通知服务取消, 22小时前"
糖糖兔大王 私信你,我在抖音分享过了,
糖糖兔大王 私信你,我在抖音分享过了,"因用户点击全部消除而取消, 22小时前"
糖糖兔大王 私信你,哈哈哈哈哈,
糖糖兔大王 私信你,哈哈哈哈哈,"因用户点击全部消除而取消, 22小时前"
糖糖兔大王 私信你,哈哈哈哈哈哈,
糖糖兔大王 私信你,哈哈哈哈哈哈,"因用户点击全部消除而取消, 22小时前"
火山引擎,【火山引擎】到期预警，您（昵称:0909手机用户#KZGaDx，账号ID：2104320148）的对象存储-资源包等资源共3个，将于3天后，2026-09-14到期，到期后将不可继续抵扣按量付费资源。如您仍需使用，请及时续费或重新购买。如果您已设置自动续费，请保持账户余额充足以免扣费失败。具体资源信息可查看 https://console.volcengine.com/finance/instance-manage?AlertDay=3&AlertStatus=ToBeExpire,
火山引擎,【火山引擎】到期预警，您（昵称:0909手机用户#KZGaDx，账号ID：2104320148）的对象存储-资源包等资源共3个，将于3天后，2026-09-14到期，到期后将不可继续抵扣按量付费资源。如您仍需使用，请及时续费或重新购买。如果您已设置自动续费，请保持账户余额充足以免扣费失败。具体资源信息可查看 https://console.volcengine.com/finance/instance-manage?AlertDay=3&AlertStatus=ToBeExpire,"因用户滑动消除而取消, 22小时前"
📢通知：免费赢iQOO 16新品手机,立即参与>>,
📢通知：免费赢iQOO 16新品手机,立即参与>>,"被其他通知服务取消, 22小时前"
12:40有人移动,【小米智能摄像机C700-2204-糖糖兔大王的宫殿】,
12:40有人移动,【小米智能摄像机C700-2204-糖糖兔大王的宫殿】,"因用户点击全部消除而取消, 22小时前"
づ♡ど 拍了拍你,并为你点亮 心动频率>,
づ♡ど 拍了拍你,并为你点亮 心动频率>,"被其他通知服务取消, 22小时前"
交易提醒,你有一笔89.10元的支出，点击领取18个支付宝积分。,
交易提醒,你有一笔89.10元的支出，点击领取18个支付宝积分。,"因用户滑动消除而取消, 22小时前"
招商银行,您账户1662于09月11日12:36在【支付宝-小米科技有限责任公司】发生快捷支付扣款，人民币89.10,
招商银行,您账户1662于09月11日12:36在【支付宝-小米科技有限责任公司】发生快捷支付扣款，人民币89.10,"因用户滑动消除而取消, 22小时前"
上海、南京站 | 用户座谈会招募,2026小米质量月，点击查看详情>>,
查找,正在处理...,
查找,正在处理...,"App 自行取消, 22小时前"
应用商店正在检查应用更新,,
应用商店正在检查应用更新,,"App 自行取消, 22小时前"
12:30有人移动,【小米智能摄像机C700-2204-糖糖兔大王的宫殿】,
12:30有人移动,【小米智能摄像机C700-2204-糖糖兔大王的宫殿】,"因用户点击全部消除而取消, 22小时前"
极星4溜背造型设计，白色整车质感表现出色>>,极星4实车细节实拍,
极星4溜背造型设计，白色整车质感表现出色>>,极星4实车细节实拍,"被其他通知服务取消, 22小时前"
查找,正在处理...,
查找,正在处理...,"App 自行取消, 22小时前"
查找,正在处理...,
查找,正在处理...,"App 自行取消, 22小时前"
有人出现,【小米智能门铃3-2204-糖糖兔大王的宫殿】,
有人出现,【小米智能门铃3-2204-糖糖兔大王的宫殿】,"因用户滑动消除而取消, 22小时前"
有人出现,【小米智能门铃3-2204-糖糖兔大王的宫殿】,
有人出现,【小米智能门铃3-2204-糖糖兔大王的宫殿】,"因用户滑动消除而取消, 22小时前"
c语言吧（关注）,大龄考研，出来有出路吗,
c语言吧（关注）,大龄考研，出来有出路吗,"被其他通知服务取消, 22小时前"
马克马克马克 私信你,还真是,"通知被延后, 22小时前"
19517959671,未接电话,
19517959671,未接电话,"因用户点击全部消除而取消, 22小时前"
钱包 AI 记账功能已上线！,别再手动扒账单了！自动记账 + 个性化收支报表，帮你揪出隐形花销！,
钱包 AI 记账功能已上线！,别再手动扒账单了！自动记账 + 个性化收支报表，帮你揪出隐形花销！,"被其他通知服务取消, 22小时前"
月光族救星！,钱包新上 AI 记账，自动分类支出 + 超支预警，钱花在哪一眼看清，存钱变简单～,
推荐有礼权益升级！,露营车桌椅组合+50元还款金+600积分，推1人办卡达标可兑！点此参与>>,
推荐有礼权益升级！,露营车桌椅组合+50元还款金+600积分，推1人办卡达标可兑！点此参与>>,"被其他通知服务取消, 22小时前"
账单随时看！,添加钱包AI记账小部件，自动同步消费账单，钱花在哪一眼看清，存钱变简单～,
不经意地给@你分享一首歌,留下一些爱你的证据(⸝⸝⸝ ╸▵╺⸝⸝⸝）,
不经意地给@你分享一首歌,留下一些爱你的证据(⸝⸝⸝ ╸▵╺⸝⸝⸝）,"被其他通知服务取消, 22小时前"
可恶，藏不住了,@你，快来一键开启歌单宝箱>>,
可恶，藏不住了,@你，快来一键开启歌单宝箱>>,"被其他通知服务取消, 23小时前"
【油价消息】,就在今晚，9元时代来了！9月11日24时起汽柴油全面涨价，每升或将上调...,
【油价消息】,就在今晚，9元时代来了！9月11日24时起汽柴油全面涨价，每升或将上调...,"被其他通知服务取消, 23小时前"
糖糖兔大王 私信你,给你分享了[笔记],
糖糖兔大王 私信你,给你分享了[笔记],"因用户滑动消除而取消, 23小时前"
查找,正在处理...,
糖糖兔大王 私信你,给你分享了[笔记],
糖糖兔大王 私信你,给你分享了[笔记],"因用户点击全部消除而取消, 23小时前"
@懒酱的日记本,#小米澎湃OS4# “死亡笔记”更新了，小米安全中心更新终止...(多图)>>,
@懒酱的日记本,#小米澎湃OS4# “死亡笔记”更新了，小米安全中心更新终止...(多图)>>,"被其他通知服务取消, 23小时前"
售价18.28万，2026款ZEEKR 007GT即可开走！超300人浏览，手慢无>>,发现一辆ZEEKR 007GT，已有超300人浏览！,
售价18.28万，2026款ZEEKR 007GT即可开走！超300人浏览，手慢无>>,发现一辆ZEEKR 007GT，已有超300人浏览！,"取消原因未知, 23小时前"
订阅消息：白菜kingGG 评论了你的动态,【中兴F32pro优惠券】TE/中兴2025新款F32pro随身无线wifi插电款带充电仓户外高速网络你的专属膨胀卷，膨...,
订阅消息：白菜kingGG 评论了你的动态,【中兴F32pro优惠券】TE/中兴2025新款F32pro随身无线wifi插电款带充电仓户外高速网络你的专属膨胀卷，膨...,"因用户点击全部消除而取消, 23小时前"
订阅消息：IlIlIlI 评论了你的动态,【中兴F32pro优惠券】TE/中兴2025新款F32pro随身无线wifi插电款带充电仓户外高速网络你的专属膨胀卷，膨...,
订阅消息：IlIlIlI 评论了你的动态,【中兴F32pro优惠券】TE/中兴2025新款F32pro随身无线wifi插电款带充电仓户外高速网络你的专属膨胀卷，膨...,"因用户点击全部消除而取消, 23小时前"
特关 房东的猫,"不擅生长的树概念解读-下
像树一样活着，接纳自己本来的模样，认真活好属于自己的四季，就已经足够珍贵。谢谢大家和我们一起读懂这棵「不擅生长的树」。#不擅生长的树概念解读# http://t.cn/AX0...
ytdttj",
13376360890,未接电话,
随身wifi吧（关注）,"求助吧友,充电宝带wifi的边充边用会不会掉电飞快",
随身wifi吧（关注）,"求助吧友,充电宝带wifi的边充边用会不会掉电飞快","被其他通知服务取消, 23小时前"
通知,2026-09-11 11:00:00 收到提醒，领至高满15减15外卖红包，还能返现金>>>,
干饭啦！麦乐送单人餐才28.9？,双层脆鸡堡、培根双牛堡...28.9元单人餐超多汉堡可选，麦金卡还享0元外送到家,
干饭啦！麦乐送单人餐才28.9？,双层脆鸡堡、培根双牛堡...28.9元单人餐超多汉堡可选，麦金卡还享0元外送到家,"取消原因未知, 23小时前"
签收通知,好消息！您的包裹已经平安抵达，请速速验收吧~,
签收通知,好消息！您的包裹已经平安抵达，请速速验收吧~,"因用户点击全部消除而取消, 23小时前"
订单已收货 获得59天猫积分,当前积分可+1元兑换商品>>,
订单已收货 获得59天猫积分,当前积分可+1元兑换商品>>,"因用户点击全部消除而取消, 23小时前"
麦麦东南亚美味即将休假😍快来,14.9元起，留住美味记忆吧~👉新加坡蟹酱海鲜堡，泰式炭烤猪猪堡、咖喱薄皮肉骨鸡，速吃！,
麦麦东南亚美味即将休假😍快来,14.9元起，留住美味记忆吧~👉新加坡蟹酱海鲜堡，泰式炭烤猪猪堡、咖喱薄皮肉骨鸡，速吃！,"被其他通知服务取消, 昨天"
「菜鸟」物流服务通知,您的韵达快递包裹已被签收，点击查看签收详情>>,
「菜鸟」物流服务通知,您的韵达快递包裹已被签收，点击查看签收详情>>,"因用户点击全部消除而取消, 23小时前"
王钧博,私信了你: [分享视频],
王钧博,私信了你: [分享视频],"被其他通知服务取消, 昨天"
,,"App 自行取消, 昨天"
方程豹钛6谍照曝光：方盒子造型+激光雷达，纯电SUV新选择,懂车帝,"被其他通知服务取消, 昨天"
工银信使,京东家政、清洗服务、AI陪伴享至高38元优惠,
工银信使,京东家政、清洗服务、AI陪伴享至高38元优惠,"被其他通知服务取消, 昨天"
minecraft吧（关注）,被ojng的数值吓哭了,
minecraft吧（关注）,被ojng的数值吓哭了,"被其他通知服务取消, 昨天"
王钧博,私信了你: [分享视频],
王钧博,私信了你: [分享视频],"被其他通知服务取消, 昨天"
叮～发现一个帮你自动省钱的神器！,不用费脑子比价，AI 帮你自动搞定，开启就能省～,
余额宝,查看余额宝最新收益,
余额宝,查看余额宝最新收益,"取消原因未知, 昨天"
交易提醒,你有一笔49.90元的支出，点击领取12个支付宝积分。,
交易提醒,你有一笔49.90元的支出，点击领取12个支付宝积分。,"因用户点击全部消除而取消, 昨天"
招商银行,您账户1662于09月11日10:00在【支付宝-中广电移动网络有限公司】发生快捷支付扣款，人民币49.90,
招商银行,您账户1662于09月11日10:00在【支付宝-中广电移动网络有限公司】发生快捷支付扣款，人民币49.90,"因用户点击全部消除而取消, 昨天"
支付宝会员,你有52积分待领取，积分可以当钱花，别浪费【订阅】,
支付宝会员,你有52积分待领取，积分可以当钱花，别浪费【订阅】,"取消原因未知, 昨天"
评论成功,,
评论成功,,"App 自行取消, 昨天"
发送中...,,
发送中...,,"被其他通知服务取消, 昨天"
摸到炸弹了,💣💣💣,
摸到炸弹了,💣💣💣,"被其他通知服务取消, 昨天"
医保月度账单通知,点击查看8月医保账户明细,
医保月度账单通知,点击查看8月医保账户明细,"被其他通知服务取消, 昨天"
那时陪着你的人，此刻在你身边吗,「订阅故事已送达」2023年今天的回忆，来看看>>,
王钧博,私信了你: [分享视频],
王钧博,私信了你: [分享视频],"被其他通知服务取消, 昨天"
王钧博,私信了你: [分享视频],
王钧博,私信了你: [分享视频],"被其他通知服务取消, 昨天"
王钧博,私信了你: [分享视频],
王钧博,私信了你: [分享视频],"被其他通知服务取消, 昨天"
王钧博,私信了你: [分享视频],
王钧博,私信了你: [分享视频],"被其他通知服务取消, 昨天"
10:30即将响铃,闹钟,"因用户点击全部消除而取消, 昨天"
别人转到了,🎡 你还没转？,
别人转到了,🎡 你还没转？,"被其他通知服务取消, 昨天"
瑞幸吨吨节🔥双杯到手仅18！,人气必喝大集结！🧈小黄油美式🥥生椰拿铁🍎苹果C冰茶等着你~速戳>>,
瑞幸吨吨节🔥双杯到手仅18！,人气必喝大集结！🧈小黄油美式🥥生椰拿铁🍎苹果C冰茶等着你~速戳>>,"被其他通知服务取消, 昨天"
🏁红旗搅局！张雪机车无缘第 7 冠💔,WSBK 法国站，德比斯两回合拿下季军,
小黑盒,你关注的游戏《神力科莎》、《图灵完备》限时折扣开启,
小黑盒,你关注的游戏《神力科莎》、《图灵完备》限时折扣开启,"因用户滑动消除而取消, 昨天"
有人出现,【小米智能门铃3-2204-糖糖兔大王的宫殿】,
有人出现,【小米智能门铃3-2204-糖糖兔大王的宫殿】,"因用户滑动消除而取消, 昨天"
张健-13958111057 SEO+GEO,请求添加你为朋友,"App 自行取消, 昨天"
张健-13958111057 SEO+GEO,请求添加你为朋友,
《心路 (Not You 中文版) feat 黄霄雲》,来自Alan Walker,
《心路 (Not You 中文版) feat 黄霄雲》,来自Alan Walker,"被其他通知服务取消, 昨天"
男子酒店内洗澡 浴巾里掉出女士内裤,男子出差住酒店，洗澡拿浴巾时，一条粉色女士内裤从中掉落…酒店回应：怀疑有人恶意诽谤>>,
男子酒店内洗澡 浴巾里掉出女士内裤,男子出差住酒店，洗澡拿浴巾时，一条粉色女士内裤从中掉落…酒店回应：怀疑有人恶意诽谤>>,"被其他通知服务取消, 昨天"
腾势Z9GT EV新增版上市：售价为32.98万元,颜值与实力并存，腾势Z9GT EV正式上市,
随身wifi吧（关注）,求助贴求一个4人用的随身wife,
随身wifi吧（关注）,求助贴求一个4人用的随身wife,"被其他通知服务取消, 昨天"
✨夜间物流更新提醒,您的快递已在夜间更新，其中有别人给您买的包裹哦，点击查看>>,
✨夜间物流更新提醒,您的快递已在夜间更新，其中有别人给您买的包裹哦，点击查看>>,"因用户滑动消除而取消, 昨天"
昨日ETF资金整体净流入101.90亿元,据同花顺iFinD数据显示，2026年9月10日，ETF资金整体净流入101.90亿元，股票型净流入25.31亿元，宽基型净流入24.47亿元。当日ETF资金净流入榜单排名前3依次为：海富通中证短融E,
昨日ETF资金整体净流入101.90亿元,据同花顺iFinD数据显示，2026年9月10日，ETF资金整体净流入101.90亿元，股票型净流入25.31亿元，宽基型净流入24.47亿元。当日ETF资金净流入榜单排名前3依次为：海富通中证短融E,"被其他通知服务取消, 昨天"
考研5500大纲词训练营开放中🎯,唐迟领衔，28考研备考营已开启，每天30min，获取全年备考方案>>,
考研5500大纲词训练营开放中🎯,唐迟领衔，28考研备考营已开启，每天30min，获取全年备考方案>>,"被其他通知服务取消, 昨天"
有 6 项更新,共有 26 项更新待安装,
你的外在人设≠真实的自己？🎭,怪趣人格图鉴 SBTI 测评，和好友互晒人格标签>🏷️,
minecraft吧（关注）,超强附魔模组求整合包收留！,
minecraft吧（关注）,超强附魔模组求整合包收留！,"被其他通知服务取消, 昨天"
嵊州市请注意！,【天气】预计今日有小雨，20~27度，未来24小时天气...,
嵊州市请注意！,【天气】预计今日有小雨，20~27度，未来24小时天气...,"被其他通知服务取消, 昨天"
早上好，今日天气提醒,鹿城，小雨转多云，33/23°C，空气优，西北风2级,
QQ邮箱提醒,[2条]QQ邮箱提醒: Steam: 您 Steam 愿望单上的 Turing Complete 及另外一个项目正在特卖！ ,
美股三大指数集体收跌 存储板块下挫 苹果扛大旗,美股三大指数集体收跌，道指跌0.6%，纳指跌0.65%，标普500指数跌0.58%。存储板块下挫，费城半导体指数跌超2%，SK海力士跌超5%，美光科技跌近5%，西部数据、闪迪跌超4%。铜概念股下跌，麦,
美股三大指数集体收跌 存储板块下挫 苹果扛大旗,美股三大指数集体收跌，道指跌0.6%，纳指跌0.65%，标普500指数跌0.58%。存储板块下挫，费城半导体指数跌超2%，SK海力士跌超5%，美光科技跌近5%，西部数据、闪迪跌超4%。铜概念股下跌，麦,"被其他通知服务取消, 昨天"
QQ邮箱提醒,DeepSeek: 推迟下线 DeepSeek V4 Pro 通知 ,
发现14个恶意应用,包含“JMComic3”等应用，点击处理,
发现14个恶意应用,包含“JMComic3”等应用，点击处理,"因用户滑动消除而取消, 昨天"
每周奖励即将过期,请及时领取，以免错失。,
每周奖励即将过期,请及时领取，以免错失。,"被其他通知服务取消, 昨天"
查找,正在处理...,
查找,正在处理...,"App 自行取消, 昨天"
糖糖包老婆🥰🥰,私信了你: [分享视频],
糖糖包老婆🥰🥰,私信了你: [分享视频],"被其他通知服务取消, 昨天"
糖糖包老婆🥰🥰,私信了你: [分享图文],
糖糖包老婆🥰🥰,私信了你: [分享图文],"被其他通知服务取消, 昨天"
糖糖包老婆🥰🥰,私信了你: [分享图文],
糖糖包老婆🥰🥰,私信了你: [分享图文],"被其他通知服务取消, 昨天"
UniversalClipboardService,,
糖糖包老婆🥰🥰,私信了你: [分享视频],
糖糖包老婆🥰🥰,私信了你: [分享视频],"被其他通知服务取消, 昨天"
糖糖包老婆🥰🥰,私信了你: 分享[图文],
糖糖包老婆🥰🥰,私信了你: 分享[图文],"被其他通知服务取消, 昨天"
糖糖包老婆🥰🥰,私信了你: 分享[评论],
糖糖包老婆🥰🥰,私信了你: 分享[评论],"被其他通知服务取消, 昨天"
应用商店正在检查应用更新,,
应用商店正在检查应用更新,,"App 自行取消, 昨天"
应用接力服务,服务正在运行,
付骢[火][表情],还是好纠结,
付骢[火][表情],[2条]付骢[火][表情]: 但是紫色涂层我不是很喜欢,
付骢[火][表情],紫色模具其实我会更喜欢一点,
付骢[火][表情],[动画表情],
付骢[火][表情],[2条]付骢[火][表情]: 都不是 gpw 模具,
付骢[火][表情],[图片],
查找,正在处理...,
付骢[火][表情],[3条]付骢[火][表情]: [动画表情],
付骢[火][表情],[2条]付骢[火][表情]: 怎么办,
付骢[火][表情],一样价格,
查找,正在处理...,
付骢[火][表情],[3条]付骢[火][表情]: 留哪个,
付骢[火][表情],[2条]付骢[火][表情]: 两个鼠标都好用,
付骢[火][表情],草,
糖糖兔大王 私信你,给你分享了[卡片],
糖糖兔大王 私信你,给你分享了[卡片],"因用户滑动消除而取消, 昨天"
查找,正在处理...,
传输完成,接收设备：ytdttj的REDMI K90 Ultra,
传输完成,接收设备：ytdttj的REDMI K90 Ultra,"App 自行取消, 昨天"
正在发送1个文件,3.24 MB,
等待对方接收,接收设备：ytdttj的REDMI K90 Ultra,
1,,"App 自行取消, 昨天"
REDMIK90系列反馈交流群,"[@全体成员]酷安@往不忆 K90至尊版: @全体成员 很抱歉这么晚打扰大家，艾特大家，是想告诉大家，之前大佬的狂暴模块儿的bug和问题我已经花了三个小时修好了，具体更新修复如下:
1:修复从狂暴模式切换为高速模式时，UI显示切换了高速模式，但实际风扇档位还在狂暴模式的问题。
2:修复锁屏时自动切狂暴模式的问",
REDMIK90系列反馈交流群,"[@全体成员]酷安@往不忆 K90至尊版: @全体成员 很抱歉这么晚打扰大家，艾特大家，是想告诉大家，之前大佬的狂暴模块儿的bug和问题我已经花了三个小时修好了，具体更新修复如下:
1:修复从狂暴模式切换为高速模式时，UI显示切换了高速模式，但实际风扇档位还在狂暴模式的问题。
2:修复锁屏时自动切狂暴模式的问","因用户点击而取消, 昨天"
糖糖兔大王 私信你,给你分享了[笔记],
糖糖兔大王 私信你,给你分享了[笔记],"因用户滑动消除而取消, 昨天"
minecraft吧（关注）,这会是哪个模组的问题？,
minecraft吧（关注）,这会是哪个模组的问题？,"取消原因未知, 昨天"
付骢,提醒你早点睡,
付骢,提醒你早点睡,"因用户滑动消除而取消, 前天"
CameraNotification,,
宝马X3价格大跳水！值不值得买？宝马X3优缺点大吐槽,懂车帝,"取消原因未知, 前天"
查找,正在处理...,
查找,正在处理...,"取消原因未知, 前天"
糖糖包老婆🥰🥰,私信了你: [分享图文],
糖糖包老婆🥰🥰,私信了你: [分享图文],"取消原因未知, 前天"
糖糖包老婆🥰🥰,私信了你: [分享视频],
糖糖包老婆🥰🥰,私信了你: [分享视频],"被其他通知服务取消, 前天"
糖糖包老婆🥰🥰,私信了你: [分享视频],
糖糖包老婆🥰🥰,私信了你: [分享视频],"被其他通知服务取消, 前天"
糖糖包老婆🥰🥰,私信了你: [分享视频],
糖糖包老婆🥰🥰,私信了你: [分享视频],"取消原因未知, 前天"
糖糖包老婆🥰🥰,私信了你: [分享视频],
糖糖包老婆🥰🥰,私信了你: [分享视频],"取消原因未知, 前天"
糖糖包老婆🥰🥰,私信了你: 分享[评论],"被其他通知服务取消, 前天"
查找,正在处理...,
查找,正在处理...,"App 自行取消, 前天"
糖糖包老婆🥰🥰,私信了你: [分享视频],"通知被延后, 前天"
马克马克马克 私信你,给你分享了[笔记],
马克马克马克 私信你,给你分享了[笔记],"因用户点击全部消除而取消, 前天"
马克马克马克 私信你,难绷,
马克马克马克 私信你,难绷,"取消原因未知, 前天"
糖糖包老婆🥰🥰,私信了你: 分享[图文],
糖糖包老婆🥰🥰,私信了你: 分享[图文],"通知被延后, 前天"
查找,正在处理...,
查找,正在处理...,"取消原因未知, 前天"
已安装 WeType 美化 1.27.1,"耗时:0m0s780ms,点按启动应用。","因用户滑动消除而取消, 前天"
Xposed 模块尚未激活,com.xposed.wetypehook 已安装，但尚未激活,"因用户点击而取消, 前天"
已安装 WeType 美化 1.27.1,"耗时:0m0s780ms,点按启动应用。",
Xposed 模块尚未激活,com.xposed.wetypehook 已安装，但尚未激活,
WeType_UI_Enhanced-1.….apk,下载完成 • 4.76 MB,
WeType_UI_Enhanced-1.….apk,下载完成 • 4.76 MB,"App 自行取消, 前天"
WeType_UI_Enhanced-1.….apk,"已下载 4.41 MB，共 4.76 MB
还剩 0 秒",
WeType_UI_Enhanced-1.….apk,"已下载 4.15 MB，共 4.76 MB
还剩 1 秒",
WeType_UI_Enhanced-1.….apk,"已下载 3.68 MB，共 4.76 MB
还剩 1 秒",
WeType_UI_Enhanced-1.….apk,"已下载 2.72 MB，共 4.76 MB
还剩 3 秒",
WeType_UI_Enhanced-1.….apk,"已下载 2.34 MB，共 4.76 MB
还剩 4 秒",
WeType_UI_Enhanced-1.….apk,"已下载 1.52 MB，共 4.76 MB
还剩 6 秒",
WeType_UI_Enhanced-1.….apk,"已下载 685.95 KB，共 4.76 MB
还剩 11 秒",
WeType_UI_Enhanced-1.….apk,已下载 0.00 KB，共 4.76 MB,
WeType_UI_Enhanced-1.….apk,正在等待连接到网络…,
WeType_UI_Enhanced-1.….apk,已下载 0.00 KB，共 4.76 MB,
查找,正在处理...,"App 自行取消, 前天"
有人出现,【小米智能门铃3-2204-糖糖兔大王的宫殿】,"因用户点击全部消除而取消, 前天"
有人出现,【小米智能门铃3-2204-糖糖兔大王的宫殿】,
【失效提醒】,您的账号***于2026-09-10 21:25:00收到提醒，【0元领】VIP会员，爱奇艺、优酷、芒果TV、bilibili片库任性看。今日机会不领失效，速点>>>,
笨蛋YBY,[动画表情],
笨蛋YBY,[强][强][强],
有人出现,【小米智能门铃3-2204-糖糖兔大王的宫殿】,"因用户点击全部消除而取消, 前天"
有人出现,【小米智能门铃3-2204-糖糖兔大王的宫殿】,
来自[小米社区]的精选内容,"交互焕新！
轻盈动效实时反馈，回应自然流畅；
任务上岛运行，思考不断、操作不停；",
您有文件刚刚被删除！,点击查看删除文件>>,
闪电侠吧（关注）,无赖帮的人员构成固定吗,"取消原因未知, 前天"
闪电侠吧（关注）,无赖帮的人员构成固定吗,
闪电侠吧（关注）,《闪电侠》V6第39期封面公开,"取消原因未知, 前天"
闪电侠吧（关注）,《闪电侠》V6第39期封面公开,
[猪][马][猴子][鸡],笨蛋YBY: 之前是infp,
[猪][马][猴子][鸡],笨蛋YBY: 我虽然集中但是测过几次没怎么变,
[猪][马][猴子][鸡],[2条]爸: [图片],
[猪][马][猴子][鸡],[2条]爸: 你们都是居中，所以容易变,
马克马克马克 私信你,给你分享了[笔记],"因用户点击全部消除而取消, 前天"
[猪][马][猴子][鸡],爸: 我是极端,
马克马克马克 私信你,给你分享了[笔记],
[猪][马][猴子][鸡],爸: @ytdttj 你们的S和N都是集中，就是不明显,
[猪][马][猴子][鸡],爸: @wlm0909 我就猜你是小护士,
[猪][马][猴子][鸡],妈: [图片],
[猪][马][猴子][鸡],笨蛋YBY: 我下面的当时不小心退出了没截到,
查找,正在处理...,"App 自行取消, 前天"
查找,正在处理...,"取消原因未知, 前天"
[猪][马][猴子][鸡],爸: [图片],
[猪][马][猴子][鸡],[3条]爸: [图片],
[猪][马][猴子][鸡],[2条]爸: [图片],
[猪][马][猴子][鸡],爸: [图片],
马克马克马克 私信你,给你分享了[评论],"因用户点击全部消除而取消, 前天"
马克马克马克 私信你,给你分享了[评论],
售后客服【早9晚9】,可能是您当地信号不稳定,
售后客服【早9晚9】,可能是您当地信号不稳定,"因用户点击而取消, 前天"
笨蛋YBY,但是有时候确实用不了,
售后客服【早9晚9】,不影响的,
售后客服【早9晚9】,苹果手机有些手机型号可能不显示信号，但是网能用,
笨蛋YBY,手机重启吗,
[猪][马][猴子][鸡],爸: 都有洞悉人心的能力,
[猪][马][猴子][鸡],爸: 两个都是小绿人,
糖糖兔大王 私信你,非要挑点刺才能让他不幸的生活多点盼头,"因用户点击而取消, 前天"
糖糖兔大王 私信你,非要挑点刺才能让他不幸的生活多点盼头,
笨蛋YBY,真急着用的时候我切回去就好了,
笨蛋YBY,没事的吧，等一小会就能用了,
[猪][马][猴子][鸡],笨蛋YBY: [图片],
[猪][马][猴子][鸡],爸: 下面继续截图,
[猪][马][猴子][鸡],笨蛋YBY: [图片],
有奖活动 | “应用猎人”招募令,点击了解详情>>,
[猪][马][猴子][鸡],爸: 测下你们是什么,
[猪][马][猴子][鸡],爸: https://www.16personalities.com/ch/%E4%BA%BA%E6%A0%BC%E6%B5%8B%E8%AF%95,
付骢[火][表情],[2条]付骢[火][表情]: 我晚点试试,
付骢[火][表情],可以,
微信支付,亲属卡退款到账通知,
招商银行,您账户1662于09月10日20:25在【财付通-微信支付-淘宝平台】发生快捷支付退款，人民币7.41,"因用户点击全部消除而取消, 前天"
招商银行,您账户1662于09月10日20:25在【财付通-微信支付-淘宝平台】发生快捷支付退款，人民币7.41,
签收通知,您有1个包裹已经签收，查看详情>>,"因用户点击全部消除而取消, 前天"
签收通知,您有1个包裹已经签收，查看详情>>,
有人出现,【小米智能门铃3-2204-糖糖兔大王的宫殿】,"因用户点击全部消除而取消, 前天"
有人出现,【小米智能门铃3-2204-糖糖兔大王的宫殿】,
叶航克，你有1条新消息,周女士:刷到你的简历，感觉很适配我们销售岗✨有资源扶持，收入不设上限，还在看机会吗？,"因用户点击全部消除而取消, 前天"
叶航克，你有1条新消息,周女士:刷到你的简历，感觉很适配我们销售岗✨有资源扶持，收入不设上限，还在看机会吗？,
「菜鸟」物流服务通知,您的圆通速递包裹已被签收，点击查看签收详情>>,"因用户点击全部消除而取消, 前天"
「菜鸟」物流服务通知,您的圆通速递包裹已被签收，点击查看签收详情>>,"因用户点击全部消除而取消, 前天"
「菜鸟」物流服务通知,您的圆通速递包裹已被签收，点击查看签收详情>>,
「菜鸟」物流服务通知,您的圆通速递包裹已被签收，点击查看签收详情>>,
minecraft吧（关注）,如果这样增强末影龙会怎么样？,"取消原因未知, 前天"
minecraft吧（关注）,如果这样增强末影龙会怎么样？,
付骢[火][表情],地址发来,
付骢[火][表情],可以,
CameraNotification,,"取消原因未知, 前天"
付骢[火][表情],[2条]付骢[火][表情]: 还真是,
付骢[火][表情],"村长的一段话我非常喜欢，法拉利历史上最受爱戴，也最受恩佐法拉利本人喜爱的车手很可能是吉尔斯维伦纽夫，因为他在那一段法拉利历史上最黑暗，最无能为力的时间段里，用那些堪称自毁一样的驾驶方式，守住了法拉利的尊严和荣耀，或者说就是因为有维伦纽夫这样的人，才有了今天充满荣誉感和使命感的法拉利，哪怕他的一生都没有wdc，如今的勒克莱尔也是这样的，法拉利需要他的极限，需要他走钢丝一样的开法，因为这也是法拉利历史上相对黑暗的时间，并且我依旧认为，法拉利没有准备好争冠，近几年+也不可能争冠
你无法认为当前的法拉利真的有争冠的实力，他们可能在部分赛道是第一第二的快车，但这不意味着他们真的能争冠，那些觉得汉密尔顿赢一次就要争冠的人不是低智伪车迷毒唯就是纯坏种，rb19都不适应的新加坡，更何况今年的奔驰，争冠不是看一个弯道的尾速，一条赛道的快慢，而是看整个赛年你能否保持整个团队的研发调教适应性，能不能持续产出研发，如果赛季开始你的车100分，别人90分，迈凯伦这种尤其擅长季中升级的车队是很可能在赛季中段就升级到105分的，你不升级到110分你就不会继续领先了，而法拉利素来是一支不擅长季中升级和适配赛道，是永远秉一种方向，等着赛历进行到适合自己这个研发方向的赛道，这本质上是一种需要偷分的中小车队思维，是一种取巧的、经济性的“保持法拉利荣耀”的行为，这种思维如果不像舒马赫铁三角一样，从领队到设计师到车手多方面共同长期作用，是不可能短时间改变的，seb改变不了，ham也一样",
OpenClaw,[图片],
OpenClaw,[图片],"因用户点击而取消, 前天"
物流消息提醒,你的圆通速递包裹运输中,"因用户点击全部消除而取消, 前天"
物流消息提醒,你的圆通速递包裹运输中,
糖糖兔大王 私信你,给你分享了[笔记],"因用户点击全部消除而取消, 前天"
糖糖兔大王 私信你,给你分享了[笔记],
付骢[火][表情],阔折主要也是个内屏好用我感觉,
查找,正在处理...,
查找,正在处理...,"App 自行取消, 前天"
付骢[火][表情],[2条]付骢[火][表情]: 基本正好填满屏幕,
付骢[火][表情],这个比例看视频确实舒服,
付骢[火][表情],[2条]付骢[火][表情]: 地铁上看到个 pura x max,
付骢[火][表情],我测,
minecraft吧（关注）,买正版是49年入国军说是,"被其他通知服务取消, 前天"
minecraft吧（关注）,买正版是49年入国军说是,
马克马克马克 私信你,给你分享了[笔记],"因用户点击全部消除而取消, 前天"
马克马克马克 私信你,我开始笑了,"因用户点击全部消除而取消, 前天"
马克马克马克 私信你,给你分享了[笔记],
马克马克马克 私信你,我开始笑了,
爆款上架：,商品ID：4017广电飞狮卡29元192G私域产品：商品ID：4028山东联通专属卡29元300G,
爆款上架：,商品ID：4017广电飞狮卡29元192G私域产品：商品ID：4028山东联通专属卡29元300G,"因用户点击全部消除而取消, 前天"
马克马克马克 私信你,给你分享了[评论],"因用户点击全部消除而取消, 前天"
马克马克马克 私信你,给你分享了[评论],
晚上好，明日天气提醒,鹿城，小雨转多云，32/24°C，空气优，西北风2级,
有人出现,【小米智能门铃3-2204-糖糖兔大王的宫殿】,"因用户点击全部消除而取消, 前天"
有人出现,【小米智能门铃3-2204-糖糖兔大王的宫殿】,
有人出现,【小米智能门铃3-2204-糖糖兔大王的宫殿】,"因用户点击全部消除而取消, 前天"
有人出现,【小米智能门铃3-2204-糖糖兔大王的宫殿】,
有人出现,【小米智能门铃3-2204-糖糖兔大王的宫殿】,"因用户点击全部消除而取消, 前天"
有人出现,【小米智能门铃3-2204-糖糖兔大王的宫殿】,
这辆2025款ZEEKR 007GT， 里程0.42万公里，过户0次，性价比超80%的车，快来...,二手ZEEKR 007GT已到货,"取消原因未知, 前天"
糖糖兔大王 私信你,不行去精神病院住两天,"因用户点击全部消除而取消, 前天"
糖糖兔大王 私信你,不行去精神病院住两天,
糖糖兔大王 私信你,哈哈哈哈哈,"因用户点击全部消除而取消, 前天"
糖糖兔大王 私信你,哈哈哈哈哈,
付骢[火][表情],可以,
李斌自己把底牌亮了，蔚来ET5T换代这事，时间点有意思,懂车帝,
李斌自己把底牌亮了，蔚来ET5T换代这事，时间点有意思,懂车帝,"被其他通知服务取消, 前天"
RuneMod MP3测试规划,MP3 收尾完成。 ## 最终交付 **产物**：`build\libs\runemod-0.2.2,"因用户点击全部消除而取消, 前天"
RuneMod MP3测试规划,MP3 收尾完成。 ## 最终交付 **产物**：`build\libs\runemod-0.2.2,
“抖音”正在运行,点按即可了解详情或停止应用。,
“抖音”正在运行,点按即可了解详情或停止应用。,"取消原因未知, 前天"
中兴随身WiFi暑期大促，低价畅享超值流量,ZTE中兴官方旗舰店,
“抖音”正在运行,点按即可了解详情或停止应用。,
中兴随身WiFi暑期大促，低价畅享超值流量,ZTE中兴官方旗舰店,
17:55有人移动,【小米智能摄像机C700-2204-糖糖兔大王的宫殿】,"因用户点击全部消除而取消, 前天"
17:55有人移动,【小米智能摄像机C700-2204-糖糖兔大王的宫殿】,
查找,正在处理...,"App 自行取消, 前天"
17:44有人移动,【小米智能摄像机C700-2204-糖糖兔大王的宫殿】,"因用户点击全部消除而取消, 前天"
17:44有人移动,【小米智能摄像机C700-2204-糖糖兔大王的宫殿】,
糖糖兔大王 私信你,我明天就能去上班,"因用户点击全部消除而取消, 前天"
糖糖兔大王 私信你,我明天就能去上班,
糖糖兔大王 私信你,我要去入职,"因用户点击全部消除而取消, 前天"
糖糖兔大王 私信你,我要去入职,
糖糖兔大王 私信你,给你分享了[笔记],"因用户点击全部消除而取消, 前天"
糖糖兔大王 私信你,给你分享了[笔记],
RuneMod MP3测试规划,构建进行中。当前 MP3 测试进度快照： ## 已通过 - 阶段 A：默认值生成（注意路径是 `wo,"因用户点击全部消除而取消, 前天"
RuneMod MP3测试规划,构建进行中。当前 MP3 测试进度快照： ## 已通过 - 阶段 A：默认值生成（注意路径是 `wo,
工信部准入落地！张雪续航300km的电摩真要来了？,懂车帝,
工信部准入落地！张雪续航300km的电摩真要来了？,懂车帝,"取消原因未知, 前天"
好友成对，快乐加倍,「订阅故事已送达」别让好心情尘封在2020年的照片里,
17:25有人移动,【小米智能摄像机C700-2204-糖糖兔大王的宫殿】,"因用户滑动消除而取消, 前天"
17:25有人移动,【小米智能摄像机C700-2204-糖糖兔大王的宫殿】,
RuneMod MP3测试规划,构建中（约 1 分钟）。先澄清一个事实，也是本次排查的关键发现： **你配的不是传说·血统，是传说·,"因用户点击全部消除而取消, 前天"
RuneMod MP3测试规划,构建中（约 1 分钟）。先澄清一个事实，也是本次排查的关键发现： **你配的不是传说·血统，是传说·,
传输完成,接收设备：ytdttj的REDMI K90 Ultra,
传输完成,接收设备：ytdttj的REDMI K90 Ultra,"App 自行取消, 前天"
正在发送1个文件,3.06 MB,
等待对方接收,接收设备：ytdttj的REDMI K90 Ultra,
传输完成,接收设备：ytdttj的REDMI K90 Ultra,
传输完成,接收设备：ytdttj的REDMI K90 Ultra,"App 自行取消, 前天"
正在发送1个文件,28.5 MB,
等待对方接收,接收设备：ytdttj的REDMI K90 Ultra,
查找,正在处理...,"取消原因未知, 前天"
传输完成,接收设备：ytdttj的REDMI K90 Ultra,
正在发送1个文件,9.23 MB,
等待对方接收,接收设备：ytdttj的REDMI K90 Ultra,
17:12有人移动,【小米智能摄像机C700-2204-糖糖兔大王的宫殿】,"因用户点击全部消除而取消, 前天"
17:12有人移动,【小米智能摄像机C700-2204-糖糖兔大王的宫殿】,
android吧（关注）,有朋友认识这个画面里的手是什么品牌什么型号的吗？,"被其他通知服务取消, 前天"
android吧（关注）,有朋友认识这个画面里的手是什么品牌什么型号的吗？,
付骢[火][表情],就比两季贵一点点,
@你，再忙碌也要捕捉快乐🤞,速戳解锁今日份宝藏歌曲>>,
@你，再忙碌也要捕捉快乐🤞,速戳解锁今日份宝藏歌曲>>,"取消原因未知, 前天"
付骢[火][表情],那肯定年卡,
付骢[火][表情],[3条]付骢[火][表情]: 这年卡也太便宜了,
付骢[火][表情],[2条]付骢[火][表情]: 我测,
付骢[火][表情],我要去杭州,
17:00有人移动,【小米智能摄像机C700-2204-糖糖兔大王的宫殿】,"因用户点击全部消除而取消, 前天"
17:00有人移动,【小米智能摄像机C700-2204-糖糖兔大王的宫殿】,
查找,正在处理...,"App 自行取消, 前天"
中国联通,[2条]【公益短信】2026年9月是第17个全国无线电管理宣传月，主题为:法治护航“十五五”新征程携手筑牢电磁空间安全网。让我们携起手来，珍惜频谱资源，依法依规用频设台，共同维护良好电波秩序。国家无线电办公室,
中国联通,[2条]【公益短信】2026年9月是第17个全国无线电管理宣传月，主题为:法治护航“十五五”新征程携手筑牢电磁空间安全网。让我们携起手来，珍惜频谱资源，依法依规用频设台，共同维护良好电波秩序。国家无线电办公室,"因用户滑动消除而取消, 前天"
RuneMod MP3测试规划,调试 jar 构建中（约 2-3 分钟，完成后我会还原源码并通知你）。 ## 你现在的 D-2 / ,"因用户点击全部消除而取消, 前天"
RuneMod MP3测试规划,调试 jar 构建中（约 2-3 分钟，完成后我会还原源码并通知你）。 ## 你现在的 D-2 / ,
16:47有人移动,【小米智能摄像机C700-2204-糖糖兔大王的宫殿】,"因用户点击全部消除而取消, 前天"
16:47有人移动,【小米智能摄像机C700-2204-糖糖兔大王的宫殿】,
您购买的宝贝即将确认收货,宝贝显示已签收，您对它还满意吗？如未收到可点击延长收货哦>>,"因用户点击全部消除而取消, 前天"
您购买的宝贝即将确认收货,宝贝显示已签收，您对它还满意吗？如未收到可点击延长收货哦>>,
Vicky,[2条]Vicky: [动画表情],
Vicky,[2条]Vicky: [动画表情],"因用户点击而取消, 前天"
RuneMod MP3测试规划,阶段 C 全部通过。接下来的测试按“单客户端能做的”排满，PvP 项留到第二客户端： ## 下一步：,"因用户点击全部消除而取消, 前天"
RuneMod MP3测试规划,阶段 C 全部通过。接下来的测试按“单客户端能做的”排满，PvP 项留到第二客户端： ## 下一步：,
Vicky,听说你演讲公司ppt得了第一名,
恭喜！快乐充值成功,让这段旋律帮你驱散一切不开心~,
恭喜！快乐充值成功,让这段旋律帮你驱散一切不开心~,"取消原因未知, 前天"
16:37有人移动,【小米智能摄像机C700-2204-糖糖兔大王的宫殿】,"因用户点击全部消除而取消, 前天"
16:37有人移动,【小米智能摄像机C700-2204-糖糖兔大王的宫殿】,
RuneMod MP3测试规划,三项都符合预期，其中第 2 点补充说明一下： - **左侧 HUD“不实时”正是 hudSyncIn,"因用户点击全部消除而取消, 前天"
RuneMod MP3测试规划,三项都符合预期，其中第 2 点补充说明一下： - **左侧 HUD“不实时”正是 hudSyncIn,
这辆ZEEKR 007GT里程1.97万公里，价格仅17.48万，性价比指数83%，别错过>>,找到一辆二手【ZEEKR 007GT】,
这辆ZEEKR 007GT里程1.97万公里，价格仅17.48万，性价比指数83%，别错过>>,找到一辆二手【ZEEKR 007GT】,"取消原因未知, 前天"
16:26有人移动,【小米智能摄像机C700-2204-糖糖兔大王的宫殿】,"因用户点击全部消除而取消, 前天"
16:26有人移动,【小米智能摄像机C700-2204-糖糖兔大王的宫殿】,
RuneMod MP3测试规划,阶段 A 服务端侧**全部通过**： | 检查点 | 结果 | |---|---| | 启动 | ✓,"因用户点击全部消除而取消, 前天"
RuneMod MP3测试规划,阶段 A 服务端侧**全部通过**： | 检查点 | 结果 | |---|---| | 启动 | ✓,
上门派送通知,您有1个包裹由上门服务站为您派送中，预计今天派送，查看详情>>,
16:15有人移动,【小米智能摄像机C700-2204-糖糖兔大王的宫殿】,"因用户点击全部消除而取消, 前天"
16:15有人移动,【小米智能摄像机C700-2204-糖糖兔大王的宫殿】,
已为您申请包裹超时补贴,恭喜您的订单被选中，激活后可获延迟赔付金。点击查看您的专属额度 >>,
已为您申请包裹超时补贴,恭喜您的订单被选中，激活后可获延迟赔付金。点击查看您的专属额度 >>,"因用户点击全部消除而取消, 前天"
随身wifi吧（关注）,宿舍打电脑游戏不知道选随身WiFi还是cpe,"取消原因未知, 前天"
随身wifi吧（关注）,宿舍打电脑游戏不知道选随身WiFi还是cpe,
揽收通知,您的包裹在广东省广州市揽收啦，请核对并关注到达时间>>,
「菜鸟」物流服务通知,有一个他人寄给您的包裹已揽收，点击查看详情>>,"因用户点击全部消除而取消, 前天"
「菜鸟」物流服务通知,有一个他人寄给您的包裹已揽收，点击查看详情>>,
16:05有人移动,【小米智能摄像机C700-2204-糖糖兔大王的宫殿】,"因用户点击全部消除而取消, 前天"
16:05有人移动,【小米智能摄像机C700-2204-糖糖兔大王的宫殿】,
RuneMod MP3测试规划,日志确认了完整链路：15:47 那次 NPE 是唯一一次启动尝试，`world/`、`config/,"因用户点击全部消除而取消, 前天"
RuneMod MP3测试规划,日志确认了完整链路：15:47 那次 NPE 是唯一一次启动尝试，`world/`、`config/,
15:51有人移动,【小米智能摄像机C700-2204-糖糖兔大王的宫殿】,"因用户点击全部消除而取消, 前天"
15:51有人移动,【小米智能摄像机C700-2204-糖糖兔大王的宫殿】,
米家,正在更新资料,"App 自行取消, 前天"
RuneMod MP3测试规划,"已写入 `runes-server\ops.json`： ```json [ {""uuid"": ""1","因用户点击全部消除而取消, 前天"
RuneMod MP3测试规划,"已写入 `runes-server\ops.json`： ```json [ {""uuid"": ""1",
揽收通知,别人给您买的包裹已被快递员揽收，关注到达时间>>,"因用户点击全部消除而取消, 前天"
「菜鸟」物流服务通知,您的韵达快递包裹快递员已揽收，点击查看>>,"因用户点击全部消除而取消, 前天"
RuneMod MP3测试规划,已修正。原因是 1.15.2 的 installer 在根目录生成的启动 jar 叫 `forge-,"因用户点击全部消除而取消, 前天"
RuneMod MP3测试规划,专用服务器搭建完成（未启动）。`D:\runes-server` 内容： | 文件 | 说明 | |,"因用户点击全部消除而取消, 前天"
揽收通知,别人给您买的包裹已被快递员揽收，关注到达时间>>,
「菜鸟」物流服务通知,您的韵达快递包裹快递员已揽收，点击查看>>,
RuneMod MP3测试规划,已修正。原因是 1.15.2 的 installer 在根目录生成的启动 jar 叫 `forge-,
RuneMod MP3测试规划,专用服务器搭建完成（未启动）。`D:\runes-server` 内容： | 文件 | 说明 | |,
飞书,大主理人: 低收益区（合计回报率 0%~30%）1. 004752 广发中证传媒ETF联接A — 净值 0.8429 | 日 -2.61%...,
飞书,大主理人: 低收益区（合计回报率 0%~30%）1. 004752 广发中证传媒ETF联接A — 净值 0.8429 | 日 -2.61%...,"因用户点击全部消除而取消, 前天"
飞书,"大主理人: 📊 基金查询结果（按合计回报率从低到高排序）
📅 2026-09-10亏损区（合计回报率为负）1. 004642...",
飞书,"大主理人: 📊 基金查询结果（按合计回报率从低到高排序）
📅 2026-09-10亏损区（合计回报率为负）1. 004642...","因用户点击全部消除而取消, 前天"
RuneMod MP3测试规划,仓库里没有现成的服务器目录（MP1 是同伴在别处部署的）。两种方式，按你的测试需要选： ## 方式一,"因用户点击全部消除而取消, 前天"
RuneMod MP3测试规划,仓库里没有现成的服务器目录（MP1 是同伴在别处部署的）。两种方式，按你的测试需要选： ## 方式一,
已安装 跑满了吗 V5.3.1,"耗时:0m0s523ms,点按启动应用。","因用户滑动消除而取消, 前天"
已安装 跑满了吗 V5.3.1,"耗时:0m0s523ms,点按启动应用。",
极星Polestar 4 SUV官图，双电机3.9秒破百、单电机WLTP 630km续航，瓦罐...,懂车帝,"取消原因未知, 前天"
缴费小美好,缴费达标领至高5元微信立减金。,
缴费小美好,缴费达标领至高5元微信立减金。,"被其他通知服务取消, 前天"
麦有礼💝教师节主题卡面上新！,4款卡面经典课堂梗全收录👨‍🏫用美味犒劳你的知识“领路人”,
麦有礼💝教师节主题卡面上新！,4款卡面经典课堂梗全收录👨‍🏫用美味犒劳你的知识“领路人”,"取消原因未知, 前天"
已安装 UFIPanel 1.3.5,"耗时:0m0s744ms,点按启动应用。","因用户滑动消除而取消, 前天"
已安装 UFIPanel 1.3.5,"耗时:0m0s744ms,点按启动应用。",
手机中有25517张照片还未备份,释放手机内存，安全加密存储,
手机中有25517张照片还未备份,释放手机内存，安全加密存储,"取消原因未知, 前天"
下载完成,下载成功1项，共2.12M,"因 app 更新或卸载而取消, 前天"
下载完成,下载成功1项，共2.12M,
您的包裹运输时效保障提醒,小主，您的包裹已在途中。检测到您有一笔“慢必赔”权益未激活，超48小时将自动作废，请点击确认以保障权益 >>,
您的包裹运输时效保障提醒,小主，您的包裹已在途中。检测到您有一笔“慢必赔”权益未激活，超48小时将自动作废，请点击确认以保障权益 >>,"因用户点击全部消除而取消, 前天"
15:03有人移动,【小米智能摄像机C700-2204-糖糖兔大王的宫殿】,"因用户滑动消除而取消, 前天"
15:03有人移动,【小米智能摄像机C700-2204-糖糖兔大王的宫殿】,
付骢[火][表情],[2条]付骢[火][表情]: 别报销了,
付骢[火][表情],那算了,
付骢[火][表情],我感觉要带动组里全面使用glm了,
付骢[火][表情],glm额度管够,
付骢[火][表情],不得不说,
付骢[火][表情],浪费token这一块,
付骢[火][表情],逻辑这一块,
付骢[火][表情],还真是,
付骢[火][表情],其实是codex+二本文科生＜codex,
付骢[火][表情],codex+二本文科生＞985理科生,
付骢[火][表情],戳啦,
付骢[火][表情],[2条]付骢[火][表情]: 都不输入参数怎么让ai猜概率,
付骢[火][表情],transformer架构的都是概率输出,
付骢[火][表情],真的唐,
付骢[火][表情],[4条]付骢[火][表情]: 只要自己会用,
付骢[火][表情],[3条]付骢[火][表情]: 我说ai太强力了,
付骢[火][表情],[2条]付骢[火][表情]: [图片],
付骢[火][表情],不赖,
14:41有人移动,【小米智能摄像机C700-2204-糖糖兔大王的宫殿】,"因用户滑动消除而取消, 前天"
14:41有人移动,【小米智能摄像机C700-2204-糖糖兔大王的宫殿】,
中国联通,【账单提醒】尊敬的13221802771用户，您2026年8月份账单合计9元，实际应付9元。主要费用项包括：月固定费9元。查询账单详情请点击：https://u.10010.cn/tbmVj ，回复TDZD退订本短信。【中国联通】,
头颈承托细节有变，2027款宝马X3后排软枕加大换材质,懂车帝,
头颈承托细节有变，2027款宝马X3后排软枕加大换材质,懂车帝,"取消原因未知, 前天"
中国移动,【中国移动机伶】10日14:22为您拦截疑似骚扰电话，详情：https://dx.10086.cn/rqzjFg 回QXDXTZ退订此类短信,
中国移动,【中国移动机伶】10日14:22为您拦截疑似骚扰电话，详情：https://dx.10086.cn/rqzjFg 回QXDXTZ退订此类短信,"因用户滑动消除而取消, 前天"
付骢[火][表情],[3条]付骢[火][表情]: 这次都连休13天,
付骢[火][表情],[2条]付骢[火][表情]: 我们公司有些研发因为一直太忙了,
付骢[火][表情],工作排给别人就行,
今天我请客,请你听一首烟(许佳豪)的《再见我的女孩》,
今天我请客,请你听一首烟(许佳豪)的《再见我的女孩》,"被其他通知服务取消, 前天"
付骢[火][表情],好请的,
您有4张共355元消费券待领取,限时免费领取，点此立即领>>,
您有4张共355元消费券待领取,限时免费领取，点此立即领>>,"被其他通知服务取消, 前天"
付骢[火][表情],[5条]付骢[火][表情]: 我的年休就该用来干这个啊,
付骢[火][表情],[4条]付骢[火][表情]: 我测,
付骢[火][表情],[3条]付骢[火][表情]: 机票能立省600块,
付骢[火][表情],[2条]付骢[火][表情]: 29号晚上回家,
付骢[火][表情],我要是请一天假,
马克马克马克 私信你,给你分享了[评论],"因用户点击全部消除而取消, 前天"
马克马克马克 私信你,给你分享了[评论],
录音机,已暂停回放录音,
录音机,已暂停回放录音,"App 自行取消, 前天"
AI润色完成,国家电网 周二 10点02分,
AI润色完成,国家电网 周二 10点02分,"App 自行取消, 前天"
AI润色中 1%,国家电网 周二 10点02分,
AI润色中 0%,国家电网 周二 10点02分,
文件处理中,国家电网 周二 10点02分,
录音机,正在回放录音...,
国家电网,[2条]【浙江电力】【电费通知】尊敬的客户，户号：3309946883694，户名：叶程普，地址：浙江省温州市永嘉县桥头镇谷联村委会桥联路6号-村。8月电量110度，电费59.18元，预收已抵扣4.22元，尚需支付54.96元。如已交费，敬请忽略，当前用电处于第一档，剩余1425度。可点击https://www.95598.cn/a/  下载网上国网app查询详情。,
国家电网,[2条]【浙江电力】【电费通知】尊敬的客户，户号：3309946883694，户名：叶程普，地址：浙江省温州市永嘉县桥头镇谷联村委会桥联路6号-村。8月电量110度，电费59.18元，预收已抵扣4.22元，尚需支付54.96元。如已交费，敬请忽略，当前用电处于第一档，剩余1425度。可点击https://www.95598.cn/a/  下载网上国网app查询详情。,"因用户点击而取消, 前天"
国家电网,【浙江电力】【电费通知】尊敬的客户，户号：3309946882530，户名：叶航克，地址：浙江省温州市永嘉县桥头镇谷联村委会桥联路6号-村。8月电量44度(其中谷20度)，电费19.39元，预收已抵扣14.92元，尚需支付4.47元。如已交费，敬请忽略，当前用电处于第一档，剩余1282度。可点击https://www.95598.cn/a/  下载网上国网app查询详情。,
随身wifi吧（关注）,购买随身WIFI求助,"被其他通知服务取消, 前天"
随身wifi吧（关注）,购买随身WIFI求助,
付骢[火][表情],不赖,
糖糖兔大王 私信你,给你分享了[笔记],"因用户滑动消除而取消, 前天"
糖糖兔大王 私信你,给你分享了[笔记],
查找,正在处理...,"App 自行取消, 前天"
留资免费领取AI/HPC算力建设精选行业案例,NVIDIA授权合作伙伴，点击参与,
留资免费领取AI/HPC算力建设精选行业案例,NVIDIA授权合作伙伴，点击参与,"取消原因未知, 前天"
一点万象,车位生效通知,
一点万象,车辆入场提醒,
“短信”正在运行,点按即可了解详情或停止应用。,"App 自行取消, 前天"
Trae,【Trae】验证码671390，用于手机验证码登录，5分钟内有效。验证码提供给他人可能导致账号被盗，请勿泄露，谨防被骗。,
Trae,【Trae】验证码671390，用于手机验证码登录，5分钟内有效。验证码提供给他人可能导致账号被盗，请勿泄露，谨防被骗。,"App 自行取消, 前天"
奖励到账,给电脑发消息成功，恭喜获得 500积分,"因用户点击而取消, 前天"
奖励到账,给电脑发消息成功，恭喜获得 500积分,
RuneMod MP3测试规划,MP3 测试分两部分：代码/构建侧我来，**进游戏和服务器操作必须由你完成**（MP1/MP2 同款,"因用户滑动消除而取消, 前天"
RuneMod MP3测试规划,MP3 测试分两部分：代码/构建侧我来，**进游戏和服务器操作必须由你完成**（MP1/MP2 同款,
飞书,"大主理人: ━━━━━━━━━━━━━━━━
🚗 新能源汽车新闻
━━━━━━━━━━━━━━━━1. 中国8月Top10畅销车...",
飞书,"大主理人: ━━━━━━━━━━━━━━━━
🚗 新能源汽车新闻
━━━━━━━━━━━━━━━━1. 中国8月Top10畅销车...","因通知摘要被取消而取消, 前天"
飞书,"大主理人: ━━━━━━━━━━━━━━━━
💻 AI & 大模型新闻
━━━━━━━━━━━━━━━━1. Claude, change...",
飞书,"大主理人: ━━━━━━━━━━━━━━━━
💻 AI & 大模型新闻
━━━━━━━━━━━━━━━━1. Claude, change...","因通知摘要被取消而取消, 前天"
飞书,"大主理人: 📰 每日新闻摘要 (2026-09-10 13:30)━━━━━━━━━━━━━━━━
🌍 时事新闻...",
飞书,"大主理人: 📰 每日新闻摘要 (2026-09-10 13:30)━━━━━━━━━━━━━━━━
🌍 时事新闻...","因通知摘要被取消而取消, 前天"
31.8万起！全新宝马X3上市：舒适度再提升,宝马X3上市，这个价格它胜算大吗？,
31.8万起！全新宝马X3上市：舒适度再提升,宝马X3上市，这个价格它胜算大吗？,"被其他通知服务取消, 前天"
闲鱼手机节千元券包，还不快来领？,还有iPhone天天免费抽,
闲鱼手机节千元券包，还不快来领？,还有iPhone天天免费抽,"被其他通知服务取消, 前天"
揽收通知,别人给您买的包裹已被快递员揽收，关注到达时间>>,"因用户滑动消除而取消, 前天"
揽收通知,别人给您买的包裹已被快递员揽收，关注到达时间>>,
「菜鸟」物流服务通知,您的圆通速递包裹快递员已揽收，点击查看>>,"因用户滑动消除而取消, 前天"
「菜鸟」物流服务通知,您的圆通速递包裹快递员已揽收，点击查看>>,
同花顺,刚刚：您关注的票发出今日“低”信号，或将低位反击>,
同花顺,刚刚：您关注的票发出今日“低”信号，或将低位反击>,"取消原因未知, 前天"
爸,693642230103,
爸,[文件] 零售价公式2021年9月2日.xlsx,
马克马克马克 私信你,给你分享了[笔记],"因用户点击全部消除而取消, 前天"
马克马克马克 私信你,果区,"因用户点击全部消除而取消, 前天"
马克马克马克 私信你,给你分享了[笔记],
马克马克马克 私信你,果区,
随身wifi吧（关注）,飞猫M7中芯微版本内置卡的插上自己的卡20秒就显示卡无效，,"被其他通知服务取消, 前天"
随身wifi吧（关注）,飞猫M7中芯微版本内置卡的插上自己的卡20秒就显示卡无效，,
13:01有人移动,【小米智能摄像机C700-2204-糖糖兔大王的宫殿】,"因用户点击全部消除而取消, 前天"
13:01有人移动,【小米智能摄像机C700-2204-糖糖兔大王的宫殿】,
中国农业银行,反诈西游之警惕跨境诈骗圈套,
付骢[火][表情],[2条]付骢[火][表情]: 很强,
付骢[火][表情],5.3f 不凑合,
微信,登录 Windows 微信,"App 自行取消, 前天"
爸,[文件] ACIUM国际版新产品-Z675-674-2026年9月10日.xlsx,
付骢[火][表情],4.1f,
12:51有人移动,【小米智能摄像机C700-2204-糖糖兔大王的宫殿】,"因用户点击全部消除而取消, 前天"
12:51有人移动,【小米智能摄像机C700-2204-糖糖兔大王的宫殿】,
[猪][马][猴子][鸡],爸: @ytdttj 今天早点来上班做个表格,
12:40有人移动,【小米智能摄像机C700-2204-糖糖兔大王的宫殿】,"因用户点击全部消除而取消, 前天"
12:40有人移动,【小米智能摄像机C700-2204-糖糖兔大王的宫殿】,
2026小米质量月用户座谈会招募,点击查看详情>>,
免息24期！X Fold6折叠影像旗舰,限时享24期分期免息，点击立即购买>,
免息24期！X Fold6折叠影像旗舰,限时享24期分期免息，点击立即购买>,"取消原因未知, 前天"
12:30有人移动,【小米智能摄像机C700-2204-糖糖兔大王的宫殿】,"因用户点击全部消除而取消, 前天"
12:30有人移动,【小米智能摄像机C700-2204-糖糖兔大王的宫殿】,
付骢[火][表情],街道赛是这样的,
马克马克马克 私信你,给你分享了[评论],"因用户滑动消除而取消, 前天"
马克马克马克 私信你,给你分享了[评论],
2027款宝马X3上市，售价不变，配置升级,懂车帝,"取消原因未知, 前天"
马克马克马克 私信你,给你分享了[笔记],"因用户点击全部消除而取消, 前天"
马克马克马克 私信你,给你分享了[笔记],
马克马克马克 私信你,给你分享了[笔记],"因用户点击全部消除而取消, 前天"
马克马克马克 私信你,给你分享了[笔记],
麦乐鸡买一送一拍了拍你👀,🥳周四麦乐鸡买一送一仅14元！一口接一口，把烦恼抛在脑后！点我速领~,
麦乐鸡买一送一拍了拍你👀,🥳周四麦乐鸡买一送一仅14元！一口接一口，把烦恼抛在脑后！点我速领~,"取消原因未知, 前天"
有人出现,【小米智能门铃3-2204-糖糖兔大王的宫殿】,"因用户点击全部消除而取消, 前天"
有人出现,【小米智能门铃3-2204-糖糖兔大王的宫殿】,
有人出现,【小米智能门铃3-2204-糖糖兔大王的宫殿】,"因用户点击全部消除而取消, 前天"
有人出现,【小米智能门铃3-2204-糖糖兔大王的宫殿】,
付骢[火][表情],我知道为啥小米不修被微信封的问题了,
饿了么x星选,15658026804 未接电话,
查找,正在处理...,"App 自行取消, 前天"
马克马克马克 私信你,给你分享了[笔记],"因用户点击全部消除而取消, 前天"
马克马克马克 私信你,给你分享了[笔记],
签收通知,您的快递宝贝已签收✅，点击确认>>,"因用户点击全部消除而取消, 前天"
签收通知,您的快递宝贝已签收✅，点击确认>>,
转发成功,,"取消原因未知, 前天"
发送中...,,"取消原因未知, 前天"
转发成功,,
发送中...,,
查找,正在处理...,"App 自行取消, 前天"
付骢[火][表情],[2条]付骢[火][表情]: [动画表情],
付骢[火][表情],不找,
付骢[火][表情],找啥,
「菜鸟」物流服务通知,您的中通快递包裹已被签收，点击查看签收详情>>,"因用户点击全部消除而取消, 前天"
「菜鸟」物流服务通知,您的中通快递包裹已被签收，点击查看签收详情>>,
付骢[火][表情],哎哎哎,
付骢[火][表情],[2条]付骢[火][表情]: 周末有空测一下联机,
付骢[火][表情],今晚可以把mp3测了,
付骢[火][表情],我显卡接的是dp,
钱包 AI 记账功能已上线！,别再手动扒账单了！自动记账 + 个性化收支报表，帮你揪出隐形花销！,
月光族救星！,钱包新上 AI 记账，自动分类支出 + 超支预警，钱花在哪一眼看清，存钱变简单～,
付骢[火][表情],[2条]付骢[火][表情]: 有点抽象,
付骢[火][表情],但是波点没切歌好像,
付骢[火][表情],波点也挺好看的,
随身wifi吧（关注）,学生租房党买随身wifi还是办宽带,"被其他通知服务取消, 前天"
随身wifi吧（关注）,学生租房党买随身wifi还是办宽带,
糖糖包老婆🥰🥰,私信了你: [分享图文],"被其他通知服务取消, 前天"
糖糖包老婆🥰🥰,私信了你: [分享图文],
付骢[火][表情],[4条]付骢[火][表情]: 缺的歌我存本地,
付骢[火][表情],[3条]付骢[火][表情]: 不如让ai帮我找差异,
付骢[火][表情],[2条]付骢[火][表情]: [图片],
付骢[火][表情],算了不折腾了,
账单随时看！,添加钱包AI记账小部件，自动同步消费账单，钱花在哪一眼看清，存钱变简单～,
付骢[火][表情],[3条]付骢[火][表情]: 飞牛音乐能看歌词吗,
付骢[火][表情],[2条]付骢[火][表情]: 有个问题,
付骢[火][表情],我买来的时候就已经刷好ubuntu了,
付骢[火][表情],[2条]付骢[火][表情]: 能不能通过ssh端口刷,
付骢[火][表情],回去研究一下,
查找,正在处理...,
查找,正在处理...,"App 自行取消, 前天"
糖糖包老婆🥰🥰,私信了你: [分享视频],"被其他通知服务取消, 前天"
糖糖包老婆🥰🥰,私信了你: [分享视频],
付骢[火][表情],[2条]付骢[火][表情]: 飞牛界面这么好看,
糖糖包老婆🥰🥰,私信了你: 分享[图文],"被其他通知服务取消, 前天"
糖糖包老婆🥰🥰,私信了你: 分享[图文],
刚刚好，就是现在！,最适合听歌的时间,
刚刚好，就是现在！,最适合听歌的时间,"取消原因未知, 前天"
Xposed 模块已更新,me.yun.lspilot 已更新，请强行停止并重新打开其作用域内的应用,"因用户点击而取消, 前天"
已安装 LSPilot 1.1.1,"耗时:0m1s46ms,点按启动应用。","因用户滑动消除而取消, 前天"
Xposed 模块已更新,me.yun.lspilot 已更新，请强行停止并重新打开其作用域内的应用,
已安装 LSPilot 1.1.1,"耗时:0m1s46ms,点按启动应用。",
HyperCeiler | Canary Test,"群组入群自动验证bot服务现已恢复，您可以重试入群。
带来的不便，我们深表歉意。","因用户滑动消除而取消, 前天"
HookVip,"🖼 🔥 苹果/安卓最好用的资源聚合破解平台，更新快、资源多！

💬 官方唯一群组：https://t.me/pp6688pp

🌐 永久下载地址 ➡️ https://wwbee.lanzouv.com/b00rp0iwla
😀 备用地址1 ➡️ vjctv.top
😀 备用地址2 ➡️ vjcyy.top

#AD #广告 #推广","因用户滑动消除而取消, 前天"
淘宝用户的频道,呼呼喵,
淘宝用户的频道,呼呼喵,"因用户滑动消除而取消, 前天"
LSPosed,https://github.com/LSPosed/LSPromise,
LSPosed,https://github.com/LSPosed/LSPromise,"因用户点击而取消, 前天"
HyperCeiler | Canary Test,"群组入群自动验证bot服务现已恢复，您可以重试入群。
带来的不便，我们深表歉意。",
HookVip,"🖼 🔥 苹果/安卓最好用的资源聚合破解平台，更新快、资源多！

💬 官方唯一群组：https://t.me/pp6688pp

🌐 永久下载地址 ➡️ https://wwbee.lanzouv.com/b00rp0iwla
😀 备用地址1 ➡️ vjctv.top
😀 备用地址2 ➡️ vjcyy.top

#AD #广告 #推广",
Telegram,10 new messages from 4 chats,
Telegram,10 new messages from 4 chats,"取消原因未知, 前天"
招商银行,您账户1662于09月10日11:50在【财付通-微信支付-淘宝平台】发生快捷支付扣款，人民币25.40,"因用户滑动消除而取消, 前天"
招商银行,您账户1662于09月10日11:50在【财付通-微信支付-淘宝平台】发生快捷支付扣款，人民币25.40,
更新成功,更新 SS 成功,
更新成功,更新 狗狗加速 成功,
更新成功,更新 白月光 成功,
更新成功,更新 遥遥领先 成功,
查找,正在处理...,
有 4 项更新,共有 20 项更新待安装,
查找,正在处理...,
福利即将过期,请及时用京豆抵扣【飞猫U20 5G随身wifi免插卡无线移... 】,
福利即将过期,请及时用京豆抵扣【飞猫U20 5G随身wifi免插卡无线移... 】,"取消原因未知, 前天"
极星Polestar 4 SUV官图海外发布，采用低趴运动的风格,懂车帝,"取消原因未知, 前天"
招商银行,小招有财：【教师节】课堂承良训，资配悟新知>>,
招商银行,小招有财：【教师节】课堂承良训，资配悟新知>>,"取消原因未知, 前天"
@WHYLAB,OPPO Find X10、Find X10 Pro Max...(图)>>,
@WHYLAB,OPPO Find X10、Find X10 Pro Max...(图)>>,"被其他通知服务取消, 前天"
请收下！,这是我为你准备的专属好歌~,
请收下！,这是我为你准备的专属好歌~,"取消原因未知, 前天"
随身wifi吧（关注）,这款怎么样 在学校，平时就刷刷视频，不玩大型游戏,"取消原因未知, 前天"
随身wifi吧（关注）,这款怎么样 在学校，平时就刷刷视频，不玩大型游戏,
爸,16285.21-5000=11285.21,
通知,2026-09-10 11:00:00 收到提醒，领至高满15减15外卖红包，还能返现金>>>,
「菜鸟」物流服务通知,你的圆通速递包裹已中转至浙江省杭州市，点击查看预计送达时间>>,"因用户滑动消除而取消, 前天"
运输通知,别人给您买的包裹已中转至浙江省杭州市，点击查看预计送达时间>>,"因用户滑动消除而取消, 前天"
「菜鸟」物流服务通知,你的圆通速递包裹已中转至浙江省杭州市，点击查看预计送达时间>>,
运输通知,别人给您买的包裹已中转至浙江省杭州市，点击查看预计送达时间>>,
叶航克，你有1条新消息,你好，我们公司正在招聘外贸业务员&助理，请问考虑吗,"因用户滑动消除而取消, 前天"
叶航克，你有1条新消息,你好，我们公司正在招聘外贸业务员&助理，请问考虑吗,
AI润色完成,招商银行信用卡中心 周四 10点41分,
AI润色中 2%,招商银行信用卡中心 周四 10点41分,
AI润色中 1%,招商银行信用卡中心 周四 10点41分,
AI润色中 0%,招商银行信用卡中心 周四 10点41分,
录音机,已暂停回放录音,
文件处理中,招商银行信用卡中心 周四 10点41分,
录音机,正在回放录音...,
录音机,录音已完成,"App 自行取消, 前天"
「菜鸟」物流服务通知,你的圆通速递包裹已中转至浙江省杭州市，点击查看预计送达时间>>,"因用户点击全部消除而取消, 前天"
运输通知,别人给您买的包裹已中转至浙江省杭州市，点击查看预计送达时间>>,"因用户点击全部消除而取消, 前天"
「菜鸟」物流服务通知,你的圆通速递包裹已中转至浙江省杭州市，点击查看预计送达时间>>,
运输通知,别人给您买的包裹已中转至浙江省杭州市，点击查看预计送达时间>>,
电话,正在通话录音,"App 自行取消, 前天"
录音机,正在录音…,"App 自行取消, 前天"
张若昀,给你发来：3条 [语音],
张若昀,给你发来：3条 [语音],"被其他通知服务取消, 前天"
微博发送成功,,
微博发送成功,,"被其他通知服务取消, 前天"
方程豹钛6谍照曝光：方盒子造型+激光雷达，纯电SUV新选择,懂车帝,
哔哩哔哩,你有未读的点赞消息，点击查看>>,
哔哩哔哩,你有未读的点赞消息，点击查看>>,"因用户滑动消除而取消, 前天"
豆包热点速递,资讯：2026 年 9 月官宣家电数码国补最高补 1500 元,
豆包热点速递,资讯：2026 年 9 月官宣家电数码国补最高补 1500 元,"取消原因未知, 前天"
随身wifi吧（关注）,随身无线就是个坑 去年入手一个。开通两年的套餐。现在一年多点...,"被其他通知服务取消, 前天"
随身wifi吧（关注）,随身无线就是个坑 去年入手一个。开通两年的套餐。现在一年多点...,
恭喜！,专属福利，可低价购买您感兴趣的【加大扫把簸箕家用软毛组合单个扫地撮箕扫帚... 】...,
恭喜！,专属福利，可低价购买您感兴趣的【加大扫把簸箕家用软毛组合单个扫地撮箕扫帚... 】...,"被其他通知服务取消, 前天"
会员等级调整提醒,您的会员等级将于2026-09-30到期，在到期前如未能升级，届时将根据您自2025-09-30以来的累计成长值重新核定等级。,"取消原因未知, 前天"
会员等级调整提醒,您的会员等级将于2026-09-30到期，在到期前如未能升级，届时将根据您自2025-09-30以来的累计成长值重新核定等级。,
2025年11月的今日，你在干什么？,「订阅故事已送达」想不起来的话就看看这这张照片💃💃,
提醒,【尽快查收】您喜欢的【PLERY普锐M305可插卡随身wifi... 】,
提醒,【尽快查收】您喜欢的【PLERY普锐M305可插卡随身wifi... 】,"取消原因未知, 前天"
向你发起了隔空投送୧₍^. .^₎୨,喏，来听《抽离》,
向你发起了隔空投送୧₍^. .^₎୨,喏，来听《抽离》,"被其他通知服务取消, 前天"
玩游戏免费领5分钟极速下载券❗️,玩游戏限时送5分钟下载券和超多存储空间，去看看>>,
腾讯健康,[2条]腾讯健康: 经期复查提醒,
为什么我们的专注力正在悄悄流失？🧐,很多人都忽略了这一点隐藏原因🫀！,
晚睡晚起=早睡早起？🦉,只要够规律，到底算不算熬夜？🤫,
有人出现,【小米智能门铃3-2204-糖糖兔大王的宫殿】,"因用户滑动消除而取消, 前天"
有人出现,【小米智能门铃3-2204-糖糖兔大王的宫殿】,
小黑盒,你关注的游戏《波兰球：编年史》当前售价为历史最低！,
小黑盒,你关注的游戏《波兰球：编年史》当前售价为历史最低！,"因用户滑动消除而取消, 前天"
luckincoffee瑞幸咖啡,优惠券领取提醒,
男子性侵10余名女性 保留“战利品”,男子被指强奸虐待7人，之前因下药并性侵10名女性被判刑，他还保留了一个“战利品盒”>>,
男子性侵10余名女性 保留“战利品”,男子被指强奸虐待7人，之前因下药并性侵10名女性被判刑，他还保留了一个“战利品盒”>>,"被其他通知服务取消, 前天"
2027款宝马X3上市：31.8万起，沙丘灰+全系座椅通风来了,宝马X3上市，这个价格它胜算大吗？,
2027款宝马X3上市：31.8万起，沙丘灰+全系座椅通风来了,宝马X3上市，这个价格它胜算大吗？,"被其他通知服务取消, 前天"
美剧闪电侠吧（关注）,关于CW电视剧 只要看闪电侠，明日传奇，绿箭侠和超女这四部就...,"被其他通知服务取消, 前天"
美剧闪电侠吧（关注）,关于CW电视剧 只要看闪电侠，明日传奇，绿箭侠和超女这四部就...,
夜间物流信息更新,1个包裹有新动态,"因用户滑动消除而取消, 前天"
夜间物流信息更新,1个包裹有新动态,
🚚夜间物流更新提醒, 您的包裹状态已刷新，点击追踪进度>>,
"每日早间通勤助手任务：
1. 获取今天是星期几（用 cli","早上好！今天是星期四，工作日。 先看看今天的天气情况： <card url=""tool://weather.js"">
{""type"":""main"",""location"":""温州鹿城区"",""temp",
31.8万元起 2027款宝马X3正式上市 新增沙丘灰专属车漆,宝马X3上市，这个价格它胜算大吗？,
31.8万元起 2027款宝马X3正式上市 新增沙丘灰专属车漆,宝马X3上市，这个价格它胜算大吗？,"取消原因未知, 前天"
随身wifi吧（关注）,格行还是不错的,"被其他通知服务取消, 前天"
随身wifi吧（关注）,格行还是不错的,
早上好，今日天气提醒,鹿城，晴，32/23°C，空气优，西北风2级,
京东信誉分 +5分,成功完成 白条提额1次，你的信誉分已提升，点击查看最新分值与可用权益,
京东信誉分 +5分,成功完成 白条提额1次，你的信誉分已提升，点击查看最新分值与可用权益,"被其他通知服务取消, 前天"
QQ邮箱提醒,[2条]QQ邮箱提醒: DeepSeek: DeepSeek V4.1 Flash 定价通知 ,
QQ邮箱提醒,Steam: 您 Steam 愿望单上的 波兰球：编年史 正在特卖！ ,
快讯,苹果发布首款折叠式iPhone，命名为iPhone Duo。折叠式iPhone将配备两颗摄像头。,
快讯,苹果发布首款折叠式iPhone，命名为iPhone Duo。折叠式iPhone将配备两颗摄像头。,"被其他通知服务取消, 前天"
苹果公布iPhone 18 Pro系列价格：1199美元（约,苹果公布iPhone 18 Pro系列价格，iPhone 18 Pro起售价为1199美元（约8046人民币），iPhone 18 Pro Max起售价为1299美元（约8717人民币）。但由于各种费,
苹果公布iPhone 18 Pro系列价格：1199美元（约,苹果公布iPhone 18 Pro系列价格，iPhone 18 Pro起售价为1199美元（约8046人民币），iPhone 18 Pro Max起售价为1299美元（约8717人民币）。但由于各种费,"取消原因未知, 前天"
彭恺新,[2条]彭恺新: [动画表情],
彭恺新,[2条]彭恺新: [动画表情],"App 自行取消, 前天"
彭恺新,听说苹果折叠屏抢到转2.5？,
糖糖兔大王 私信你,给你分享了[笔记],"因用户点击而取消, 前天"
糖糖兔大王 私信你,给你分享了[笔记],
发表成功,"咋这么沧桑[哆啦A梦害怕]
ytdttj","App 自行取消, 前天"
发表成功,"咋这么沧桑[哆啦A梦害怕]
ytdttj",
查找,正在处理...,
查找,正在处理...,"App 自行取消, 前天"
糖糖包老婆🥰🥰,私信了你: 分享[评论],"被其他通知服务取消, 前天"
糖糖包老婆🥰🥰,私信了你: 分享[评论],
糖糖包老婆🥰🥰,私信了你: [分享视频],"被其他通知服务取消, 前天"
糖糖包老婆🥰🥰,私信了你: [分享视频],
糖糖包老婆🥰🥰,私信了你: [分享图文],"被其他通知服务取消, 前天"
糖糖包老婆🥰🥰,私信了你: [分享图文],
minecraft吧（关注）,所以说做生电装置不要灵机一动…,"取消原因未知, 前天"
minecraft吧（关注）,所以说做生电装置不要灵机一动…,
糖糖包老婆🥰🥰,私信了你: 分享[评论],"被其他通知服务取消, 前天"
糖糖包老婆🥰🥰,私信了你: 分享[评论],
订单已发货提醒,卖家已发货,"因用户点击全部消除而取消, 3天前"
订单已发货提醒,卖家已发货,
欧洲沉默的番茄,发来一条新消息,"因用户点击而取消, 3天前"
糖糖兔大王 私信你,给你分享了[笔记],"因通知摘要被取消而取消, 3天前"
糖糖兔大王 私信你,给你分享了[笔记],
糖糖兔大王 私信你,给你分享了[笔记],"因用户滑动消除而取消, 3天前"
糖糖兔大王 私信你,给你分享了[笔记],
糖糖兔大王 私信你,给你分享了[笔记],"因用户点击全部消除而取消, 3天前"
糖糖兔大王 私信你,给你分享了[笔记],
糖糖兔大王 私信你,给你分享了[笔记],"因用户点击全部消除而取消, 3天前"
糖糖兔大王 私信你,给你分享了[笔记],
糖糖兔大王 私信你,给你分享了[笔记],"因用户点击全部消除而取消, 3天前"
糖糖兔大王 私信你,给你分享了[笔记],
糖糖兔大王 私信你,给你分享了[笔记],"因用户点击全部消除而取消, 3天前"
糖糖兔大王 私信你,给你分享了[笔记],
交易提醒,你有一笔6.84元的支出，点此查看详情。,"因用户点击全部消除而取消, 3天前"
交易提醒,你有一笔6.84元的支出，点此查看详情。,
交易提醒,你有一笔29.90元的支出，点此查看详情。,
招商银行,您账户1662于09月09日23:36在【支付宝-宁波上德之家家居用品有限公司】发生快捷支付扣款，人民币36.74,"因用户点击全部消除而取消, 3天前"
招商银行,您账户1662于09月09日23:36在【支付宝-宁波上德之家家居用品有限公司】发生快捷支付扣款，人民币36.74,
最最美丽可爱的老婆大人,Bluetex蓝宝丝卫生棉条导管式卫生巾游泳专用阴道塞防水经期塞入,"被其他通知服务取消, 3天前"
最最美丽可爱的老婆大人,Bluetex蓝宝丝卫生棉条导管式卫生巾游泳专用阴道塞防水经期塞入,
收获一个新的赞,【肌肉女学生】点赞了你的评论，快来看看吧>>,
收获一个新的赞,【肌肉女学生】点赞了你的评论，快来看看吧>>,"因用户点击全部消除而取消, 3天前"
彭恺新,[2条]彭恺新: 今天有点太夸张了,
彭恺新,昨天没啥波动,
彭恺新,分开单连5g型号是不是会更差,
王钧博,和你一起续了火花,"因用户点击全部消除而取消, 3天前"
王钧博,和你一起续了火花,
微信支付,亲属卡扣款凭证,
有人出现,【小米智能门铃3-2204-糖糖兔大王的宫殿】,"因用户点击全部消除而取消, 3天前"
有人出现,【小米智能门铃3-2204-糖糖兔大王的宫殿】,
交易提醒,你有一笔59.00元的支出，点击领1元话费券。,"因用户滑动消除而取消, 3天前"
交易提醒,你有一笔59.00元的支出，点击领1元话费券。,
欧洲沉默的番茄,发来一条新消息,
彭恺新,[2条]彭恺新: 还是好卡,
彭恺新,为啥有满格信号,
叶航克，你有1条新消息,黄孝廉:我是食物主义的黄孝廉，如果你对我的职位感兴趣的话，我愿意为你介绍一下我们这边的待遇、环境和发展晋升空间，等待你的回复,"因用户滑动消除而取消, 3天前"
叶航克，你有1条新消息,黄孝廉:我是食物主义的黄孝廉，如果你对我的职位感兴趣的话，我愿意为你介绍一下我们这边的待遇、环境和发展晋升空间，等待你的回复,
[猪][马][猴子][鸡],[2条]笨蛋YBY: 回来的路上,
[猪][马][猴子][鸡],爸: 笑笑呢,
打开浏览器,查看http://192.168.50.250/,
马克马克马克 私信你,给你分享了[评论],"因用户点击全部消除而取消, 3天前"
马克马克马克 私信你,给你分享了[评论],
QQ邮箱提醒,EvalSignal: The most valuable AI coding tool nobody at a lab technically ow ,
极星4 SUV版官图发布！取消无后窗设计，双电机3.9秒破百,懂车帝,"取消原因未知, 3天前"
极星Polestar 4 SUV官图发布,懂车帝,
极星Polestar 4 SUV官图发布,懂车帝,"取消原因未知, 3天前"
c语言吧（关注）,切换不了中文呀！ 下载了visual studio之后觉得v...,"被其他通知服务取消, 3天前"
c语言吧（关注）,切换不了中文呀！ 下载了visual studio之后觉得v...,
糖糖兔大王 私信你,给你分享了[笔记],"因用户点击全部消除而取消, 3天前"
糖糖兔大王 私信你,给你分享了[笔记],"因用户点击全部消除而取消, 3天前"
糖糖兔大王 私信你,给你分享了[笔记],"因用户点击全部消除而取消, 3天前"
糖糖兔大王 私信你,给你分享了[笔记],
糖糖兔大王 私信你,给你分享了[笔记],
糖糖兔大王 私信你,给你分享了[笔记],
来自[Xiaomi 15 Ultra]的精选内容,随手一拍，定格美好小瞬间~ ,
OpenClaw,"⚠️ 微博监控 Cookie 失效提醒：已配置的微博 Cookie 验证为未登录或已失效，微博动态自动监控已暂停。
请重新获取 Cookie，更新后使用 /weibo_verify 验证。","因用户滑动消除而取消, 3天前"
糖糖兔大王 私信你,给你分享了[笔记],"因用户点击全部消除而取消, 3天前"
糖糖兔大王 私信你,给你分享了[笔记],
c语言吧（关注）,408数据结构考试代码可以用其他语言写吗,"取消原因未知, 3天前"
c语言吧（关注）,408数据结构考试代码可以用其他语言写吗,
应用商店正在检查应用更新,,
应用商店正在检查应用更新,,"App 自行取消, 3天前"
应用商店正在检查应用更新,,
应用商店正在检查应用更新,,"App 自行取消, 3天前"
有奖活动 | 玩转REDMI极致性能,点击参与>>,
奥迪扛不住了！E5 Sportback价格大跳水，800V+quattro，诚意够不,【奥迪E5 Sportback】,
奥迪扛不住了！E5 Sportback价格大跳水，800V+quattro，诚意够不,【奥迪E5 Sportback】,"被其他通知服务取消, 3天前"
发现15个恶意应用,包含“JMComic3”等应用，点击处理,
签收通知,您有1个包裹已经签收，查看详情>>,"因通知摘要被取消而取消, 3天前"
签收通知,您有1个包裹已经签收，查看详情>>,
双节机票享双重福利，最高省120元！,中秋国庆“请3休13”拼出超长假期！机票折上折，订票抽最高100元返现，特定航线再减20元，两项叠加至高立省120元，点击预订>>,
双节机票享双重福利，最高省120元！,中秋国庆“请3休13”拼出超长假期！机票折上折，订票抽最高100元返现，特定航线再减20元，两项叠加至高立省120元，点击预订>>,"取消原因未知, 3天前"
马克马克马克 私信你,给你分享了[评论],"因用户滑动消除而取消, 3天前"
马克马克马克 私信你,给你分享了[评论],
「菜鸟」物流服务通知,您的极兔速递包裹已被签收，点击查看签收详情>>,"因通知摘要被取消而取消, 3天前"
「菜鸟」物流服务通知,您的极兔速递包裹已被签收，点击查看签收详情>>,
c语言吧（关注）,求问，这个情况该怎么解决,"取消原因未知, 3天前"
c语言吧（关注）,求问，这个情况该怎么解决,
「菜鸟」物流服务通知,你的中通快递包裹已中转至浙江省嘉兴市，点击查看预计送达时间>>,"因通知摘要被取消而取消, 3天前"
运输通知,别人给您买的包裹已中转至浙江省嘉兴市，点击查看预计送达时间>>,"因通知摘要被取消而取消, 3天前"
「菜鸟」物流服务通知,你的中通快递包裹已中转至浙江省嘉兴市，点击查看预计送达时间>>,
运输通知,别人给您买的包裹已中转至浙江省嘉兴市，点击查看预计送达时间>>,
有人出现,【小米智能门铃3-2204-糖糖兔大王的宫殿】,"因通知摘要被取消而取消, 3天前"
有人出现,【小米智能门铃3-2204-糖糖兔大王的宫殿】,
随身wifi吧（关注）,11111 哥几个，这个随身wifi买的怎么样？有没有踩坑,"被其他通知服务取消, 3天前"
随身wifi吧（关注）,11111 哥几个，这个随身wifi买的怎么样？有没有踩坑,
@叶航克，你有1条新消息,Boss周女士向你发来沟通邀请，快去回复TA吧！,
@叶航克，你有1条新消息,Boss周女士向你发来沟通邀请，快去回复TA吧！,"因用户点击全部消除而取消, 3天前"
晚上好，明日天气提醒,鹿城，晴，32/23°C，空气优，西北风2级,
糖糖兔大王 私信你,6,"因用户点击全部消除而取消, 3天前"
糖糖兔大王 私信你,6,
糖糖兔大王 私信你,死废物,"因用户点击全部消除而取消, 3天前"
糖糖兔大王 私信你,你那么有本事还跟我一起工作,"因用户点击全部消除而取消, 3天前"
糖糖兔大王 私信你,死废物,
糖糖兔大王 私信你,你那么有本事还跟我一起工作,
糖糖兔大王 私信你,还年轻 晚辈 请教,"因用户点击全部消除而取消, 3天前"
糖糖兔大王 私信你,还年轻 晚辈 请教,
糖糖兔大王 私信你,哈哈哈哈哈哈,"因用户点击全部消除而取消, 3天前"
糖糖兔大王 私信你,一门双至尊,"因用户点击全部消除而取消, 3天前"
糖糖兔大王 私信你,哈哈哈哈哈哈,
糖糖兔大王 私信你,一门双至尊,
物流已更新，点击查看>,当前您有4个在途包裹，点击可查看详细信息 >>,"因用户点击全部消除而取消, 3天前"
物流已更新，点击查看>,当前您有4个在途包裹，点击可查看详细信息 >>,
马克马克马克 私信你,给你分享了[笔记],"因用户点击全部消除而取消, 3天前"
马克马克马克 私信你,给你分享了[笔记],
糖糖包老婆🥰🥰,私信了你: [分享视频],"被其他通知服务取消, 3天前"
糖糖包老婆🥰🥰,私信了你: [分享视频],
糖糖包老婆🥰🥰,私信了你: [分享视频],"被其他通知服务取消, 3天前"
糖糖包老婆🥰🥰,私信了你: [分享视频],
糖糖包老婆🥰🥰,私信了你: [分享图文],"被其他通知服务取消, 3天前"
糖糖包老婆🥰🥰,私信了你: [分享图文],
查找,正在处理...,"取消原因未知, 3天前"
糖糖包老婆🥰🥰,私信了你: [分享视频],"被其他通知服务取消, 3天前"
糖糖包老婆🥰🥰,私信了你: [分享视频],
糖糖包老婆🥰🥰,私信了你: [分享视频],"取消原因未知, 3天前"
糖糖包老婆🥰🥰,私信了你: [分享视频],
糖糖包老婆🥰🥰,私信了你: [分享视频],"取消原因未知, 3天前"
糖糖包老婆🥰🥰,私信了你: [分享视频],
糖糖包老婆🥰🥰,私信了你: [分享视频],"被其他通知服务取消, 3天前"
糖糖包老婆🥰🥰,私信了你: [分享视频],
新邮件：Google,重要安全提醒,"因用户滑动消除而取消, 3天前"
新邮件：Google,重要安全提醒,
QQ邮箱提醒,Google: ytdttj@gmail.com 的重要安全提醒 ,
糖糖包老婆🥰🥰,私信了你: 分享[评论],"被其他通知服务取消, 3天前"
糖糖包老婆🥰🥰,私信了你: 分享[评论],
糖糖包老婆🥰🥰,私信了你: 分享[评论],"被其他通知服务取消, 3天前"
糖糖包老婆🥰🥰,私信了你: 分享[评论],
17:30有人移动,【小米智能摄像机C700-2204-糖糖兔大王的宫殿】,"因用户点击全部消除而取消, 3天前"
17:30有人移动,【小米智能摄像机C700-2204-糖糖兔大王的宫殿】,
2027款宝马X3正式上市 售价31.8万元起,宝马X3来袭，你有没有心动？,
2027款宝马X3正式上市 售价31.8万元起,宝马X3来袭，你有没有心动？,"取消原因未知, 3天前"
17:19有人移动,【小米智能摄像机C700-2204-糖糖兔大王的宫殿】,"因用户滑动消除而取消, 3天前"
17:19有人移动,【小米智能摄像机C700-2204-糖糖兔大王的宫殿】,
Xposed 模块尚未激活,ru.cfqclrzj.qqrpotoeo 已安装，但尚未激活,"因用户滑动消除而取消, 3天前"
已安装 prEOVOuzcIzcpNATV 12.10.8,"耗时:0m0s297ms,点按启动应用。","因用户滑动消除而取消, 3天前"
Xposed 模块尚未激活,ru.cfqclrzj.qqrpotoeo 已安装，但尚未激活,
已安装 prEOVOuzcIzcpNATV 12.10.8,"耗时:0m0s297ms,点按启动应用。",
传输完成,1个文件 | 来自ytdttj的REDMI K90 Ultra,
传输完成,1个文件 | 来自ytdttj的REDMI K90 Ultra,"App 自行取消, 3天前"
正在接收1个文件,12.6 MB,
更新成功,更新 白月光 成功,
更新成功,更新 SS 成功,
更新成功,更新 遥遥领先 成功,
重要安全提醒,"请检查您的已存密码
ytdttj@gmail.com",
重要安全提醒,"请检查您的已存密码
ytdttj@gmail.com","App 自行取消, 3天前"
更新成功,更新 狗狗加速 成功,
17:09有人移动,【小米智能摄像机C700-2204-糖糖兔大王的宫殿】,
17:09有人移动,【小米智能摄像机C700-2204-糖糖兔大王的宫殿】,"因用户点击全部消除而取消, 3天前"
minecraft吧（关注）,[26-09-08]【作品发布】ojang工作室登场人物介绍...,
minecraft吧（关注）,[26-09-08]【作品发布】ojang工作室登场人物介绍...,"取消原因未知, 3天前"
新邮件：Google,重要安全提醒,
新邮件：Google,重要安全提醒,"因用户滑动消除而取消, 3天前"
领5元抖音支付红包,惊喜福利来啦，立即参与！,
领5元抖音支付红包,惊喜福利来啦，立即参与！,"被其他通知服务取消, 3天前"
16:59有人移动,【小米智能摄像机C700-2204-糖糖兔大王的宫殿】,
16:59有人移动,【小米智能摄像机C700-2204-糖糖兔大王的宫殿】,"因用户滑动消除而取消, 3天前"
符文MOD联机适配规划,完成。当前状态： - **OnlinePlan.md**：决议 #1~#10 全部落地，9.4 节确,
符文MOD联机适配规划,完成。当前状态： - **OnlinePlan.md**：决议 #1~#10 全部落地，9.4 节确,"因用户滑动消除而取消, 3天前"
16:49有人移动,【小米智能摄像机C700-2204-糖糖兔大王的宫殿】,
16:49有人移动,【小米智能摄像机C700-2204-糖糖兔大王的宫殿】,"因用户滑动消除而取消, 3天前"
烟雨OTA工具交流④群,[@全体成员]工具作者烟雨-私信不回: 家人们 新视频 支持一下 点个三件给个关注 谢谢你们 @全体成员 ,
烟雨OTA工具交流④群,[@全体成员]工具作者烟雨-私信不回: 家人们 新视频 支持一下 点个三件给个关注 谢谢你们 @全体成员 ,"因用户滑动消除而取消, 3天前"
照片里的TA，此刻怎么样啦,「订阅故事已送达」2017年的今天，有20张照片和TA有关>>,
符文MOD联机适配规划,[OnlinePlan.md](file:///D:/TraeProjects/MCMods/符文/,
符文MOD联机适配规划,[OnlinePlan.md](file:///D:/TraeProjects/MCMods/符文/,"因用户滑动消除而取消, 3天前"
16:39有人移动,【小米智能摄像机C700-2204-糖糖兔大王的宫殿】,
16:39有人移动,【小米智能摄像机C700-2204-糖糖兔大王的宫殿】,"因用户点击全部消除而取消, 3天前"
@你，我猜~,第3首歌就是你现在的心情>>,
@你，我猜~,第3首歌就是你现在的心情>>,"取消原因未知, 3天前"
宝马X3改款了，德系豪华在退守？国产车却悄悄定规矩？,宝马X3来袭，你有没有心动？,
宝马X3改款了，德系豪华在退守？国产车却悄悄定规矩？,宝马X3来袭，你有没有心动？,"被其他通知服务取消, 3天前"
16:25有人移动,【小米智能摄像机C700-2204-糖糖兔大王的宫殿】,
16:25有人移动,【小米智能摄像机C700-2204-糖糖兔大王的宫殿】,"因用户点击全部消除而取消, 3天前"
《Secret voice of my heart》在你手机里躺很久了,它还在等你来听>>,
《Secret voice of my heart》在你手机里躺很久了,它还在等你来听>>,"被其他通知服务取消, 3天前"
AI润色完成,招商银行信用卡中心 周三 16点07分,
AI润色中 1%,招商银行信用卡中心 周三 16点07分,
录音机,已暂停回放录音,
AI润色中 0%,招商银行信用卡中心 周三 16点07分,
文件处理中,招商银行信用卡中心 周三 16点07分,
录音机,正在回放录音...,
16:10有人移动,【小米智能摄像机C700-2204-糖糖兔大王的宫殿】,
16:10有人移动,【小米智能摄像机C700-2204-糖糖兔大王的宫殿】,"因用户滑动消除而取消, 3天前"
重要通知：,广电飞松卡【39元60G】将于今晚8点下架，有单尽快提！,
重要通知：,广电飞松卡【39元60G】将于今晚8点下架，有单尽快提！,"因用户滑动消除而取消, 3天前"
minecraft吧（关注）,感觉史蒂夫太弱了，需要加强,
minecraft吧（关注）,感觉史蒂夫太弱了，需要加强,"因用户滑动消除而取消, 3天前"
已为您申请包裹超时补贴,恭喜您的订单被选中，激活后可获延迟赔付金。点击查看您的专属额度 >>,
已为您申请包裹超时补贴,恭喜您的订单被选中，激活后可获延迟赔付金。点击查看您的专属额度 >>,"因用户滑动消除而取消, 3天前"
16:00有人移动,【小米智能摄像机C700-2204-糖糖兔大王的宫殿】,
16:00有人移动,【小米智能摄像机C700-2204-糖糖兔大王的宫殿】,"因通知摘要被取消而取消, 3天前"
15:50有人移动,【小米智能摄像机C700-2204-糖糖兔大王的宫殿】,
15:50有人移动,【小米智能摄像机C700-2204-糖糖兔大王的宫殿】,"因通知摘要被取消而取消, 3天前"
符文MOD联机适配规划,决议 1~5 已全部写入 [OnlinePlan.md](file:///D:/TraeProjec,
符文MOD联机适配规划,决议 1~5 已全部写入 [OnlinePlan.md](file:///D:/TraeProjec,"因通知摘要被取消而取消, 3天前"
马克马克马克 私信你,我去看了伊莫拉最后一站[黄金薯R],
马克马克马克 私信你,我去看了伊莫拉最后一站[黄金薯R],"因通知摘要被取消而取消, 3天前"
马克马克马克 私信你,给你分享了[笔记],
马克马克马克 私信你,给你分享了[笔记],"因通知摘要被取消而取消, 3天前"
符文MOD联机适配规划,已创建 [OnlinePlan.md](file:///D:/TraeProjects/MCMods,
符文MOD联机适配规划,已创建 [OnlinePlan.md](file:///D:/TraeProjects/MCMods,"因通知摘要被取消而取消, 3天前"
新邮件：GitHub,[GitHub] A third-party OAuth application has been added to youraccount,
新邮件：GitHub,[GitHub] A third-party OAuth application has been added to youraccount,"因用户点击全部消除而取消, 3天前"
QQ邮箱提醒,GitHub: [GitHub] A third-party OAuth application has been added to your ,
飞书,"大主理人: ━━━━━━━━━━━━━━━━━━━━
📈 低收益区（合计回报率 0%~30%）
━━━━━━━━━━━━━━━━━━━━1....",
飞书,"大主理人: ━━━━━━━━━━━━━━━━━━━━
📈 低收益区（合计回报率 0%~30%）
━━━━━━━━━━━━━━━━━━━━1....","因用户点击全部消除而取消, 3天前"
飞书,"大主理人: 📊 基金查询结果（按合计回报率从低到高排序）
📅 2026-09-09━━━━━━━━━━━━━━━━━━━━
📉 亏损区...",
飞书,"大主理人: 📊 基金查询结果（按合计回报率从低到高排序）
📅 2026-09-09━━━━━━━━━━━━━━━━━━━━
📉 亏损区...","因用户点击全部消除而取消, 3天前"
15:30有人移动,【小米智能摄像机C700-2204-糖糖兔大王的宫殿】,
15:30有人移动,【小米智能摄像机C700-2204-糖糖兔大王的宫殿】,"因用户点击全部消除而取消, 3天前"
2027款宝马X3来了！31.8万起售，标配2.0T+8AT，有哪些升级？,懂车帝,
2027款宝马X3来了！31.8万起售，标配2.0T+8AT，有哪些升级？,懂车帝,"被其他通知服务取消, 3天前"
揽收通知,别人给您买的包裹已被快递员揽收，关注到达时间>>,
揽收通知,别人给您买的包裹已被快递员揽收，关注到达时间>>,"因用户点击全部消除而取消, 3天前"
「菜鸟」物流服务通知,您的圆通速递包裹快递员已揽收，点击查看>>,
「菜鸟」物流服务通知,您的圆通速递包裹快递员已揽收，点击查看>>,"因用户点击全部消除而取消, 3天前"
疯狂手机大亨 官方交流3群,"[@全体成员]兔子（有问题可以艾特我）: @全体成员 【9月9日抽奖：《逃离鸭科夫》*1+精选独立游戏*18】@全体成员 
https://mp.weixin.qq.com/s/UlYczlUBkeprl4mlo12xLw
[图片]",
疯狂手机大亨 官方交流3群,"[@全体成员]兔子（有问题可以艾特我）: @全体成员 【9月9日抽奖：《逃离鸭科夫》*1+精选独立游戏*18】@全体成员 
https://mp.weixin.qq.com/s/UlYczlUBkeprl4mlo12xLw
[图片]","因用户点击而取消, 3天前"
15:20有人移动,【小米智能摄像机C700-2204-糖糖兔大王的宫殿】,
15:20有人移动,【小米智能摄像机C700-2204-糖糖兔大王的宫殿】,"因用户点击全部消除而取消, 3天前"
揽收通知,别人给您买的包裹已被快递员揽收，关注到达时间>>,
揽收通知,别人给您买的包裹已被快递员揽收，关注到达时间>>,"因用户点击全部消除而取消, 3天前"
「菜鸟」物流服务通知,您的圆通速递包裹快递员已揽收，点击查看>>,
「菜鸟」物流服务通知,您的圆通速递包裹快递员已揽收，点击查看>>,"因用户点击全部消除而取消, 3天前"
查找,正在处理...,
⚠️您的“超时享”资格即将过期,您的包裹已揽收，但尚未激活，超过48小时将无法享受“晚到必赔”服务噢~,
⚠️您的“超时享”资格即将过期,您的包裹已揽收，但尚未激活，超过48小时将无法享受“晚到必赔”服务噢~,"取消原因未知, 3天前"
15:10有人移动,【小米智能摄像机C700-2204-糖糖兔大王的宫殿】,
15:10有人移动,【小米智能摄像机C700-2204-糖糖兔大王的宫殿】,"因用户点击全部消除而取消, 3天前"
14:59有人移动,【小米智能摄像机C700-2204-糖糖兔大王的宫殿】,
14:59有人移动,【小米智能摄像机C700-2204-糖糖兔大王的宫殿】,"因用户点击全部消除而取消, 3天前"
丰富权益，心动不如行动,拼车有礼，新客拼成立减8元；至高可领20元滴滴代驾券，立即参与！,
丰富权益，心动不如行动,拼车有礼，新客拼成立减8元；至高可领20元滴滴代驾券，立即参与！,"取消原因未知, 3天前"
14:49有人移动,【小米智能摄像机C700-2204-糖糖兔大王的宫殿】,
14:49有人移动,【小米智能摄像机C700-2204-糖糖兔大王的宫殿】,"因用户点击全部消除而取消, 3天前"
14:38有人移动,【小米智能摄像机C700-2204-糖糖兔大王的宫殿】,
Ai+GEO+Geoogle智能体-计银瑞,请求添加你为朋友,
Ai+GEO+Geoogle智能体-计银瑞,请求添加你为朋友,"因用户点击而取消, 3天前"
【限时】T+0交易可开通,已赠送您T+0交易权限，赚了就跑，无惧被套！3分钟免费开通>>,
【限时】T+0交易可开通,已赠送您T+0交易权限，赚了就跑，无惧被套！3分钟免费开通>>,"取消原因未知, 3天前"
14:19有人移动,【小米智能摄像机C700-2204-糖糖兔大王的宫殿】,
14:19有人移动,【小米智能摄像机C700-2204-糖糖兔大王的宫殿】,"因用户滑动消除而取消, 3天前"
14:09有人移动,【小米智能摄像机C700-2204-糖糖兔大王的宫殿】,
14:09有人移动,【小米智能摄像机C700-2204-糖糖兔大王的宫殿】,"因用户滑动消除而取消, 3天前"
应用商店,,
应用商店,,"因用户滑动消除而取消, 3天前"
应用商店,正在安装应用商店…,
应用商店,正在安装应用商店…,"App 自行取消, 3天前"
应用商店正在检查应用更新,,
应用商店正在检查应用更新,,"App 自行取消, 3天前"
68个应用安装完成,,
68个应用安装完成,,"因 app 更新或卸载而取消, 3天前"
1个应用安装中,点击前往下载队列,
应用商店,正在安装小米服务框架…,
2个应用安装中,点击前往下载队列,
应用商店,正在安装2个应用,
3个应用安装中,点击前往下载队列,
应用商店,正在安装3个应用,
4个应用安装中,点击前往下载队列,
应用商店,正在安装4个应用,
应用商店正在检查应用更新,,
应用商店正在检查应用更新,,"App 自行取消, 3天前"
5个应用安装中,点击前往下载队列,
应用商店,正在安装5个应用,
6个应用安装中,点击前往下载队列,
应用商店,正在安装6个应用,
7个应用安装中,点击前往下载队列,
应用商店正在检查应用更新,,
应用商店正在检查应用更新,,"App 自行取消, 3天前"
应用商店,正在安装7个应用,
8个应用安装中,点击前往下载队列,
应用商店正在检查应用更新,,
应用商店正在检查应用更新,,"App 自行取消, 3天前"
应用商店,正在安装8个应用,
9个应用安装中,点击前往下载队列,
应用商店正在检查应用更新,,
应用商店正在检查应用更新,,"App 自行取消, 3天前"
应用商店,正在安装9个应用,
应用商店正在检查应用更新,,
应用商店正在检查应用更新,,"App 自行取消, 3天前"
10个应用安装中,点击前往下载队列,
应用商店,正在安装10个应用,
11个应用安装中,点击前往下载队列,
应用商店正在检查应用更新,,
应用商店正在检查应用更新,,"App 自行取消, 3天前"
应用商店,正在安装11个应用,
12个应用安装中,点击前往下载队列,
应用商店,正在安装12个应用,
13个应用安装中,点击前往下载队列,
应用商店正在检查应用更新,,
应用商店正在检查应用更新,,"App 自行取消, 3天前"
应用商店,正在安装13个应用,
14个应用安装中,点击前往下载队列,
应用商店正在检查应用更新,,"App 自行取消, 3天前"
应用商店,正在安装14个应用,
15个应用安装中,点击前往下载队列,
应用商店正在检查应用更新,,
应用商店,正在安装15个应用,
16个应用安装中,点击前往下载队列,
应用商店,正在安装16个应用,
17个应用安装中,点击前往下载队列,
应用商店正在检查应用更新,,
应用商店正在检查应用更新,,"App 自行取消, 3天前"
应用商店,正在安装17个应用,
18个应用安装中,点击前往下载队列,
应用商店正在检查应用更新,,
应用商店正在检查应用更新,,"App 自行取消, 3天前"
应用商店,正在安装18个应用,
19个应用安装中,点击前往下载队列,
应用商店正在检查应用更新,,
应用商店正在检查应用更新,,"App 自行取消, 3天前"
应用商店,正在安装19个应用,
20个应用安装中,点击前往下载队列,
应用商店正在检查应用更新,,
应用商店正在检查应用更新,,"App 自行取消, 3天前"
应用商店,正在安装20个应用,
21个应用安装中,点击前往下载队列,
应用商店正在检查应用更新,,
应用商店正在检查应用更新,,"App 自行取消, 3天前"
应用商店,正在安装21个应用,
22个应用安装中,点击前往下载队列,
应用商店正在检查应用更新,,
应用商店正在检查应用更新,,"App 自行取消, 3天前"
应用商店,正在安装22个应用,
应用商店正在检查应用更新,,
应用商店正在检查应用更新,,"App 自行取消, 3天前"
应用商店,正在安装23个应用,
23个应用安装中,点击前往下载队列,
应用商店正在检查应用更新,,
应用商店正在检查应用更新,,"App 自行取消, 3天前"
24个应用安装中,点击前往下载队列,
应用商店,正在安装24个应用,
25个应用安装中,点击前往下载队列,
应用商店正在检查应用更新,,
应用商店正在检查应用更新,,"App 自行取消, 3天前"
应用商店,正在安装25个应用,
26个应用安装中,点击前往下载队列,
应用商店正在检查应用更新,,"App 自行取消, 3天前"
应用商店,正在安装26个应用,
27个应用安装中,点击前往下载队列,
应用商店正在检查应用更新,,
应用商店,正在安装27个应用,
28个应用安装中,点击前往下载队列,
应用商店,正在安装28个应用,
应用商店正在检查应用更新,,
应用商店正在检查应用更新,,"App 自行取消, 3天前"
应用商店,正在安装27个应用,
1个应用下载中,小米服务框架,
应用商店,正在安装28个应用,
应用商店正在检查应用更新,,
应用商店正在检查应用更新,,"App 自行取消, 3天前"
应用商店,正在安装27个应用,
应用商店正在检查应用更新,,
应用商店正在检查应用更新,,"App 自行取消, 3天前"
应用商店,正在安装28个应用,
2个应用下载中,小米服务框架,
应用商店,正在安装29个应用,
3个应用下载中,小米服务框架,
应用商店,正在安装28个应用,
4个应用下载中,服务与反馈,
4个应用下载中,小米服务框架,
应用商店,正在安装27个应用,
应用商店正在检查应用更新,,
应用商店正在检查应用更新,,"App 自行取消, 3天前"
应用商店,正在安装26个应用,
5个应用下载中,小米服务框架,
应用商店,正在安装27个应用,
6个应用下载中,小米服务框架,
应用商店,正在安装26个应用,
应用商店正在检查应用更新,,
应用商店正在检查应用更新,,"App 自行取消, 3天前"
应用商店,正在安装25个应用,
应用商店,正在安装26个应用,
7个应用下载中,自动点击器,
应用商店,正在安装25个应用,
应用商店正在检查应用更新,,
应用商店正在检查应用更新,,"App 自行取消, 3天前"
8个应用下载中,粉笔教师,
应用商店,正在安装24个应用,
应用商店,正在安装25个应用,
应用商店正在检查应用更新,,
应用商店正在检查应用更新,,"App 自行取消, 3天前"
应用商店,正在安装24个应用,
应用商店,正在安装25个应用,
应用商店正在检查应用更新,,
应用商店正在检查应用更新,,"App 自行取消, 3天前"
应用商店,正在安装26个应用,
10个应用下载中,得物,
应用商店,正在安装27个应用,
应用商店正在检查应用更新,,
应用商店正在检查应用更新,,"App 自行取消, 3天前"
应用商店,正在安装26个应用,
11个应用下载中,得物,
应用商店,正在安装27个应用,
应用商店,正在安装26个应用,
12个应用下载中,圆周旅迹,
13个应用下载中,盒马,
应用商店,正在安装25个应用,
14个应用下载中,数字人民币,
应用商店,正在安装24个应用,
应用商店,正在安装23个应用,
15个应用下载中,数字人民币,
16个应用下载中,百词斩,
应用商店,正在安装22个应用,
应用商店正在检查应用更新,,
应用商店正在检查应用更新,,"App 自行取消, 3天前"
应用商店,正在安装21个应用,
应用商店,正在安装22个应用,
17个应用下载中,百词斩,
应用商店正在检查应用更新,,"App 自行取消, 3天前"
应用商店,正在安装21个应用,
应用商店正在检查应用更新,,
应用商店,正在安装22个应用,
18个应用下载中,腾讯会议,
应用商店,正在安装23个应用,
应用商店,正在安装22个应用,
19个应用下载中,瑞幸咖啡,
应用商店,正在安装21个应用,
应用商店正在检查应用更新,,
应用商店正在检查应用更新,,"App 自行取消, 3天前"
应用商店,正在安装20个应用,
应用商店,正在安装21个应用,
应用商店正在检查应用更新,,
应用商店正在检查应用更新,,"App 自行取消, 3天前"
应用商店,正在安装20个应用,
21个应用下载中,一嗨租车,
应用商店,正在安装21个应用,
应用商店正在检查应用更新,,
应用商店正在检查应用更新,,"App 自行取消, 3天前"
应用商店,正在安装20个应用,
应用商店正在检查应用更新,,
应用商店正在检查应用更新,,"App 自行取消, 3天前"
应用商店,正在安装21个应用,
应用商店,正在安装22个应用,
23个应用下载中,小鹏汽车,
应用商店,正在安装21个应用,
24个应用下载中,小鹏汽车,
25个应用下载中,腾讯视频,
应用商店,正在安装20个应用,
26个应用下载中,小米视频,
应用商店,正在安装19个应用,
应用商店,正在安装18个应用,
应用商店,正在安装17个应用,
27个应用下载中,小米视频,
28个应用下载中,网易有道词典,
应用商店,正在安装16个应用,
应用商店正在检查应用更新,,
应用商店正在检查应用更新,,"App 自行取消, 3天前"
应用商店,正在安装15个应用,
29个应用下载中,腾讯地图,
应用商店正在检查应用更新,,
应用商店正在检查应用更新,,"App 自行取消, 3天前"
应用商店,正在安装16个应用,
应用商店,正在安装17个应用,
应用商店正在检查应用更新,,
应用商店正在检查应用更新,,"App 自行取消, 3天前"
应用商店,正在安装16个应用,
应用商店,正在安装17个应用,
30个应用下载中,HP,
应用商店正在检查应用更新,,
应用商店正在检查应用更新,,"App 自行取消, 3天前"
应用商店,正在安装16个应用,
31个应用下载中,Edge,
应用商店正在检查应用更新,,
应用商店正在检查应用更新,,"App 自行取消, 3天前"
应用商店,正在安装17个应用,
应用商店,正在安装18个应用,
32个应用下载中,Edge,
应用商店,正在安装17个应用,
应用商店,正在安装16个应用,
33个应用下载中,大麦,
应用商店正在检查应用更新,,
应用商店正在检查应用更新,,"App 自行取消, 3天前"
应用商店,正在安装17个应用,
34个应用下载中,大麦,
应用商店,正在安装18个应用,
35个应用下载中,倒数日,
应用商店,正在安装17个应用,
应用商店正在检查应用更新,,
应用商店正在检查应用更新,,"App 自行取消, 3天前"
应用商店,正在安装16个应用,
应用商店,正在安装17个应用,
36个应用下载中,爱加速,
应用商店,正在安装16个应用,
应用商店正在检查应用更新,,
应用商店正在检查应用更新,,"App 自行取消, 3天前"
应用商店,正在安装15个应用,
37个应用下载中,Keep,
38个应用下载中,钉钉,
应用商店,正在安装16个应用,
应用商店,正在安装15个应用,
应用商店正在检查应用更新,,
应用商店正在检查应用更新,,"App 自行取消, 3天前"
应用商店,正在安装16个应用,
应用商店,正在安装17个应用,
应用商店,正在安装16个应用,
39个应用下载中,阿里巴巴,
应用商店正在检查应用更新,,
应用商店正在检查应用更新,,"App 自行取消, 3天前"
应用商店,正在安装15个应用,
40个应用下载中,应用包管理组件,
应用商店,正在安装16个应用,
应用商店正在检查应用更新,,
应用商店正在检查应用更新,,"App 自行取消, 3天前"
42个应用下载中,扫描全能王,
43个应用下载中,Oopz,
应用商店正在检查应用更新,,
应用商店正在检查应用更新,,"App 自行取消, 3天前"
44个应用下载中,Oopz,
45个应用下载中,豆包,
46个应用下载中,豆包,
47个应用下载中,Kimi,
48个应用下载中,中国联通,
应用商店正在检查应用更新,,
应用商店正在检查应用更新,,"App 自行取消, 3天前"
应用商店正在检查应用更新,,
应用商店正在检查应用更新,,"App 自行取消, 3天前"
50个应用下载中,同花顺,
52个应用下载中,浙里办,
应用商店正在检查应用更新,,
应用商店正在检查应用更新,,"App 自行取消, 3天前"
54个应用下载中,京东,
55个应用下载中,京东,
55个应用下载中,拼多多,
应用商店正在检查应用更新,,
应用商店正在检查应用更新,,"App 自行取消, 3天前"
应用商店正在检查应用更新,,
应用商店正在检查应用更新,,"App 自行取消, 3天前"
57个应用下载中,钱包,
59个应用下载中,飞书,
应用商店正在检查应用更新,,
应用商店正在检查应用更新,,"App 自行取消, 3天前"
应用商店正在检查应用更新,,
应用商店正在检查应用更新,,"App 自行取消, 3天前"
60个应用下载中,飞书,
61个应用下载中,飞书,
62个应用下载中,小米浏览器,
63个应用下载中,小米汽车,
64个应用下载中,小米汽车,
65个应用下载中,支付宝,
minecraft吧（关注）,感觉我的世界考古已经成为棍母了,
minecraft吧（关注）,感觉我的世界考古已经成为棍母了,"被其他通知服务取消, 3天前"
应用商店正在检查应用更新,,
应用商店正在检查应用更新,,"App 自行取消, 3天前"
66个应用下载中,闲鱼,
67个应用下载中,抖音,
68个应用下载中,抖音,
69个应用下载中,抖音,
17个应用下载中,抖音,
13:58有人移动,【小米智能摄像机C700-2204-糖糖兔大王的宫殿】,
13:58有人移动,【小米智能摄像机C700-2204-糖糖兔大王的宫殿】,"因用户点击全部消除而取消, 3天前"
上门派送通知,您有1个包裹由上门服务站为您派送中，预计今天派送，查看详情>>,
查找,正在处理...,
查找,正在处理...,"App 自行取消, 3天前"
飞书,"大主理人: ━━━━━━━━━━━━━━━━
🚗 新能源汽车新闻
━━━━━━━━━━━━━━━━1. 小米Sky Nomad增程SUV上市...",
飞书,"大主理人: ━━━━━━━━━━━━━━━━
🚗 新能源汽车新闻
━━━━━━━━━━━━━━━━1. 小米Sky Nomad增程SUV上市...","因通知摘要被取消而取消, 3天前"
飞书,"大主理人: ━━━━━━━━━━━━━━━━
📱 消费电子/数码新闻
━━━━━━━━━━━━━━━━1. 华为Mate...",
飞书,"大主理人: ━━━━━━━━━━━━━━━━
📱 消费电子/数码新闻
━━━━━━━━━━━━━━━━1. 华为Mate...","因通知摘要被取消而取消, 3天前"
飞书,"大主理人: ━━━━━━━━━━━━━━━━
💻 AI & 大模型新闻
━━━━━━━━━━━━━━━━1. Muse – Meta's...",
飞书,"大主理人: ━━━━━━━━━━━━━━━━
💻 AI & 大模型新闻
━━━━━━━━━━━━━━━━1. Muse – Meta's...","因通知摘要被取消而取消, 3天前"
飞书,"大主理人: 📰 每日新闻摘要 (2026-09-09 13:30)━━━━━━━━━━━━━━━━
🌍 时事新闻...",
飞书,"大主理人: 📰 每日新闻摘要 (2026-09-09 13:30)━━━━━━━━━━━━━━━━
🌍 时事新闻...","因通知摘要被取消而取消, 3天前"
极星Polestar 4 SUV官图，双电机3.9秒破百、单电机WLTP 630km续航，瓦罐...,懂车帝,
请收下！,这是我为你准备的专属好歌~,
请收下！,这是我为你准备的专属好歌~,"被其他通知服务取消, 3天前"
让耳朵放个假✈️,@你 专属行程表，请收下~,
让耳朵放个假✈️,@你 专属行程表，请收下~,"被其他通知服务取消, 3天前"
电影吧（关注）,2026中国特摄神作,
电影吧（关注）,2026中国特摄神作,"取消原因未知, 3天前"
携程,"【携程】您的信用贷周转金上限可达200,000元，最长可分36期，打开携程旅行APP>我的>信用贷查看  拒收请回复R",
携程,"【携程】您的信用贷周转金上限可达200,000元，最长可分36期，打开携程旅行APP>我的>信用贷查看  拒收请回复R","因用户滑动消除而取消, 3天前"
中国农业银行,您的8月账单已送达！,
12:40有人移动,【小米智能摄像机C700-2204-糖糖兔大王的宫殿】,
12:40有人移动,【小米智能摄像机C700-2204-糖糖兔大王的宫殿】,"因用户点击全部消除而取消, 3天前"
通知：您有一台X500待抽取,全新蔡司影像旗舰，搭载全新OS 7.0>,
通知：您有一台X500待抽取,全新蔡司影像旗舰，搭载全新OS 7.0>,"被其他通知服务取消, 3天前"
小米平板9 Pro Max 现已开售,重塑大屏生产力体验，点击了解>>,
12:30有人移动,【小米智能摄像机C700-2204-糖糖兔大王的宫殿】,
有人出现,【小米智能门铃3-2204-糖糖兔大王的宫殿】,
有人出现,【小米智能门铃3-2204-糖糖兔大王的宫殿】,"因用户点击全部消除而取消, 3天前"
有人出现,【小米智能门铃3-2204-糖糖兔大王的宫殿】,"因用户点击全部消除而取消, 3天前"
查找,正在处理...,"App 自行取消, 3天前"
账单随时看！,添加钱包AI记账小部件，自动同步消费账单，钱花在哪一眼看清，存钱变简单～,
minecraft吧（关注）,玩香草以来个人感觉最好看的一次出生点,
minecraft吧（关注）,玩香草以来个人感觉最好看的一次出生点,"取消原因未知, 3天前"
钱包 AI 记账功能已上线！,别再手动扒账单了！自动记账 + 个性化收支报表，帮你揪出隐形花销！,
月光族救星！,钱包新上 AI 记账，自动分类支出 + 超支预警，钱花在哪一眼看清，存钱变简单～,
@三昧弦,"拳头谈下一款圣堂皮肤

关于圣堂系列——现阶段不便透露更多细...(图)>>",
@三昧弦,"拳头谈下一款圣堂皮肤

关于圣堂系列——现阶段不便透露更多细...(图)>>","取消原因未知, 3天前"
查找,正在处理...,
查找,正在处理...,"App 自行取消, 3天前"
ipnossoft.rma.free.na….apk,已暂停下载,
ipnossoft.rma.free.na….apk,已暂停下载,"App 自行取消, 3天前"
ipnossoft.rma.free.na….apk,已下载 11.85 MB，共 94.68 MB,
ipnossoft.rma.free.na….apk,已暂停下载,
ipnossoft.rma.free.na….apk,已下载 11.85 MB，共 94.68 MB,
ipnossoft.rma.free.na….apk,已暂停下载,
ipnossoft.rma.free.na….apk,已下载 11.85 MB，共 94.68 MB,
ipnossoft.rma.free.na….apk,已暂停下载,
ipnossoft.rma.free.na….apk,已下载 11.85 MB，共 94.68 MB,
ipnossoft.rma.free.na….apk,正在等待连接到网络…,
ipnossoft.rma.free.na….apk,已下载 11.85 MB，共 94.68 MB,
ipnossoft.rma.free.na….apk,正在等待连接到网络…,
ipnossoft.rma.free.na….apk,"已下载 11.85 MB，共 94.68 MB
还剩 7 小时",
ipnossoft.rma.free.na….apk,"已下载 11.83 MB，共 94.68 MB
还剩 14 小时",
ipnossoft.rma.free.na….apk,"已下载 11.83 MB，共 94.68 MB
还剩 7 小时",
ipnossoft.rma.free.na….apk,"已下载 11.83 MB，共 94.68 MB
还剩 5 小时",
ipnossoft.rma.free.na….apk,"已下载 11.81 MB，共 94.68 MB
还剩 7 小时",
ipnossoft.rma.free.na….apk,"已下载 11.81 MB，共 94.68 MB
还剩 3 小时",
ipnossoft.rma.free.na….apk,"已下载 11.81 MB，共 94.68 MB
还剩 1 小时",
ipnossoft.rma.free.na….apk,"已下载 11.81 MB，共 94.68 MB
还剩 47 分钟",
ipnossoft.rma.free.na….apk,"已下载 11.80 MB，共 94.68 MB
还剩 40 分钟",
ipnossoft.rma.free.na….apk,"已下载 11.78 MB，共 94.68 MB
还剩 37 分钟",
ipnossoft.rma.free.na….apk,"已下载 11.76 MB，共 94.68 MB
还剩 32 分钟",
ipnossoft.rma.free.na….apk,"已下载 11.73 MB，共 94.68 MB
还剩 34 分钟",
ipnossoft.rma.free.na….apk,"已下载 11.73 MB，共 94.68 MB
还剩 32 分钟",
ipnossoft.rma.free.na….apk,"已下载 11.66 MB，共 94.68 MB
还剩 38 分钟",
ipnossoft.rma.free.na….apk,"已下载 11.65 MB，共 94.68 MB
还剩 32 分钟",
ipnossoft.rma.free.na….apk,"已下载 11.58 MB，共 94.68 MB
还剩 31 分钟",
ipnossoft.rma.free.na….apk,"已下载 11.58 MB，共 94.68 MB
还剩 23 分钟",
ipnossoft.rma.free.na….apk,"已下载 11.48 MB，共 94.68 MB
还剩 22 分钟",
ipnossoft.rma.free.na….apk,"已下载 11.45 MB，共 94.68 MB
还剩 20 分钟",
ipnossoft.rma.free.na….apk,"已下载 11.40 MB，共 94.68 MB
还剩 16 分钟",
ipnossoft.rma.free.na….apk,"已下载 11.34 MB，共 94.68 MB
还剩 15 分钟",
ipnossoft.rma.free.na….apk,"已下载 11.32 MB，共 94.68 MB
还剩 14 分钟",
ipnossoft.rma.free.na….apk,"已下载 11.30 MB，共 94.68 MB
还剩 14 分钟",
ipnossoft.rma.free.na….apk,"已下载 11.26 MB，共 94.68 MB
还剩 14 分钟",
ipnossoft.rma.free.na….apk,"已下载 11.22 MB，共 94.68 MB
还剩 14 分钟",
ipnossoft.rma.free.na….apk,"已下载 11.06 MB，共 94.68 MB
还剩 16 分钟",
ipnossoft.rma.free.na….apk,"已下载 10.96 MB，共 94.68 MB
还剩 19 分钟",
ipnossoft.rma.free.na….apk,"已下载 10.83 MB，共 94.68 MB
还剩 22 分钟",
ipnossoft.rma.free.na….apk,"已下载 10.76 MB，共 94.68 MB
还剩 25 分钟",
ipnossoft.rma.free.na….apk,"已下载 10.49 MB，共 94.68 MB
还剩 45 分钟",
ipnossoft.rma.free.na….apk,"已下载 10.42 MB，共 94.68 MB
还剩 36 分钟",
ipnossoft.rma.free.na….apk,"已下载 10.32 MB，共 94.68 MB
还剩 41 分钟",
ipnossoft.rma.free.na….apk,"已下载 10.29 MB，共 94.68 MB
还剩 39 分钟",
ipnossoft.rma.free.na….apk,"已下载 10.24 MB，共 94.68 MB
还剩 41 分钟",
ipnossoft.rma.free.na….apk,"已下载 10.24 MB，共 94.68 MB
还剩 39 分钟",
ipnossoft.rma.free.na….apk,"已下载 10.21 MB，共 94.68 MB
还剩 43 分钟",
ipnossoft.rma.free.na….apk,"已下载 10.21 MB，共 94.68 MB
还剩 39 分钟",
ipnossoft.rma.free.na….apk,"已下载 10.21 MB，共 94.68 MB
还剩 26 分钟",
ipnossoft.rma.free.na….apk,"已下载 10.21 MB，共 94.68 MB
还剩 19 分钟",
ipnossoft.rma.free.na….apk,"已下载 10.14 MB，共 94.68 MB
还剩 18 分钟",
ipnossoft.rma.free.na….apk,"已下载 9.99 MB，共 94.68 MB
还剩 18 分钟",
ipnossoft.rma.free.na….apk,"已下载 9.96 MB，共 94.68 MB
还剩 16 分钟",
ipnossoft.rma.free.na….apk,"已下载 9.93 MB，共 94.68 MB
还剩 14 分钟",
ipnossoft.rma.free.na….apk,"已下载 9.90 MB，共 94.68 MB
还剩 13 分钟",
ipnossoft.rma.free.na….apk,"已下载 9.88 MB，共 94.68 MB
还剩 12 分钟",
ipnossoft.rma.free.na….apk,"已下载 9.88 MB，共 94.68 MB
还剩 11 分钟",
ipnossoft.rma.free.na….apk,"已下载 9.83 MB，共 94.68 MB
还剩 11 分钟",
ipnossoft.rma.free.na….apk,"已下载 9.62 MB，共 94.68 MB
还剩 13 分钟",
ipnossoft.rma.free.na….apk,"已下载 9.42 MB，共 94.68 MB
还剩 15 分钟",
ipnossoft.rma.free.na….apk,"已下载 9.26 MB，共 94.68 MB
还剩 19 分钟",
ipnossoft.rma.free.na….apk,"已下载 9.17 MB，共 94.68 MB
还剩 18 分钟",
ipnossoft.rma.free.na….apk,"已下载 9.04 MB，共 94.68 MB
还剩 20 分钟",
ipnossoft.rma.free.na….apk,"已下载 8.93 MB，共 94.68 MB
还剩 24 分钟",
ipnossoft.rma.free.na….apk,"已下载 8.83 MB，共 94.68 MB
还剩 24 分钟",
ipnossoft.rma.free.na….apk,"已下载 8.72 MB，共 94.68 MB
还剩 24 分钟",
ipnossoft.rma.free.na….apk,"已下载 8.58 MB，共 94.68 MB
还剩 26 分钟",
ipnossoft.rma.free.na….apk,"已下载 8.57 MB，共 94.68 MB
还剩 23 分钟",
ipnossoft.rma.free.na….apk,"已下载 8.50 MB，共 94.68 MB
还剩 22 分钟",
ipnossoft.rma.free.na….apk,"已下载 8.50 MB，共 94.68 MB
还剩 19 分钟",
ipnossoft.rma.free.na….apk,"已下载 8.50 MB，共 94.68 MB
还剩 18 分钟",
ipnossoft.rma.free.na….apk,"已下载 8.36 MB，共 94.68 MB
还剩 19 分钟",
ipnossoft.rma.free.na….apk,"已下载 8.34 MB，共 94.68 MB
还剩 16 分钟",
ipnossoft.rma.free.na….apk,"已下载 8.29 MB，共 94.68 MB
还剩 15 分钟",
ipnossoft.rma.free.na….apk,"已下载 8.22 MB，共 94.68 MB
还剩 16 分钟",
ipnossoft.rma.free.na….apk,"已下载 8.08 MB，共 94.68 MB
还剩 16 分钟",
ipnossoft.rma.free.na….apk,"已下载 8.01 MB，共 94.68 MB
还剩 14 分钟",
ipnossoft.rma.free.na….apk,"已下载 7.93 MB，共 94.68 MB
还剩 14 分钟",
ipnossoft.rma.free.na….apk,"已下载 7.81 MB，共 94.68 MB
还剩 15 分钟",
ipnossoft.rma.free.na….apk,"已下载 7.68 MB，共 94.68 MB
还剩 16 分钟",
ipnossoft.rma.free.na….apk,"已下载 7.65 MB，共 94.68 MB
还剩 13 分钟",
ipnossoft.rma.free.na….apk,"已下载 7.50 MB，共 94.68 MB
还剩 14 分钟",
ipnossoft.rma.free.na….apk,"已下载 7.44 MB，共 94.68 MB
还剩 14 分钟",
ipnossoft.rma.free.na….apk,"已下载 7.36 MB，共 94.68 MB
还剩 15 分钟",
ipnossoft.rma.free.na….apk,"已下载 7.32 MB，共 94.68 MB
还剩 14 分钟",
ipnossoft.rma.free.na….apk,"已下载 7.16 MB，共 94.68 MB
还剩 17 分钟",
ipnossoft.rma.free.na….apk,"已下载 7.00 MB，共 94.68 MB
还剩 20 分钟",
ipnossoft.rma.free.na….apk,"已下载 6.90 MB，共 94.68 MB
还剩 23 分钟",
ipnossoft.rma.free.na….apk,"已下载 6.82 MB，共 94.68 MB
还剩 22 分钟",
ipnossoft.rma.free.na….apk,"已下载 6.75 MB，共 94.68 MB
还剩 21 分钟",
ipnossoft.rma.free.na….apk,"已下载 6.45 MB，共 94.68 MB
还剩 25 分钟",
ipnossoft.rma.free.na….apk,"已下载 6.42 MB，共 94.68 MB
还剩 26 分钟",
ipnossoft.rma.free.na….apk,"已下载 6.42 MB，共 94.68 MB
还剩 23 分钟",
ipnossoft.rma.free.na….apk,"已下载 6.36 MB，共 94.68 MB
还剩 25 分钟",
ipnossoft.rma.free.na….apk,"已下载 6.31 MB，共 94.68 MB
还剩 24 分钟",
ipnossoft.rma.free.na….apk,"已下载 6.29 MB，共 94.68 MB
还剩 21 分钟",
ipnossoft.rma.free.na….apk,"已下载 6.27 MB，共 94.68 MB
还剩 22 分钟",
ipnossoft.rma.free.na….apk,"已下载 6.24 MB，共 94.68 MB
还剩 21 分钟",
ipnossoft.rma.free.na….apk,"已下载 6.14 MB，共 94.68 MB
还剩 25 分钟",
づ♡ど 拍了拍你,并为你点亮 心动频率>,
づ♡ど 拍了拍你,并为你点亮 心动频率>,"被其他通知服务取消, 3天前"
待领取提醒,您的账号***于2026-09-09（今日）收到积分，可兑现金最高50元...,
待领取提醒,您的账号***于2026-09-09（今日）收到积分，可兑现金最高50元...,"被其他通知服务取消, 3天前"
[猪][马][猴子][鸡],爸: 去哪里了，吃饭吗,
最最美丽可爱的老婆大人,这个分享不错哦,
最最美丽可爱的老婆大人,这个分享不错哦,"取消原因未知, 3天前"
[猪][马][猴子][鸡],[3条]笨蛋YBY: ok了,
[猪][马][猴子][鸡],[2条]笨蛋YBY: [图片],
[猪][马][猴子][鸡],爸: [图片],
[猪][马][猴子][鸡],[2条]笨蛋YBY: [图片],
付骢 [朋友],推荐了视频：“平静友善的 天生形...,
付骢 [朋友],推荐了视频：“平静友善的 天生形...,"被其他通知服务取消, 3天前"
[猪][马][猴子][鸡],爸: 怎么缴费，学校电话打过来了,
极星Polestar 4 SUV官图海外发布，采用低趴运动的风格,懂车帝,
@IMMKF3,但愿是场梦,
@IMMKF3,但愿是场梦,"被其他通知服务取消, 3天前"
通知,2026-09-09 11:00:00 收到提醒，领至高满15减15外卖红包，还能返现金>>>,
minecraft吧（关注）,（香草纪元）为什么我和朋友联不了机,
minecraft吧（关注）,（香草纪元）为什么我和朋友联不了机,"被其他通知服务取消, 3天前"
支付宝卡包,滴滴优惠券5元券未使用，请关注券过期时间>,
支付宝卡包,滴滴优惠券5元券未使用，请关注券过期时间>,"被其他通知服务取消, 3天前"
麦麦科普绘本🌍“球”知欲上线,“地球24小时科普”系列开启自然探险🌱9月9日起，购开心乐园餐可得随机一册！,
麦麦科普绘本🌍“球”知欲上线,“地球24小时科普”系列开启自然探险🌱9月9日起，购开心乐园餐可得随机一册！,"被其他通知服务取消, 3天前"
齐秦×黄贯中演唱会9/9正式开售,齐秦×黄贯中中秋相聚诸暨，赴青春回响，今日11点18分预售>>,
齐秦×黄贯中演唱会9/9正式开售,齐秦×黄贯中中秋相聚诸暨，赴青春回响，今日11点18分预售>>,"被其他通知服务取消, 3天前"
@DuaLipa[你的常听艺人],"发了笔记：大家都选在劳动节这天外出游玩… 我自然是很丝滑地就加入了

Everyone left the city for Labour Day... so naturally I observed the holiday too",
@DuaLipa[你的常听艺人],"发了笔记：大家都选在劳动节这天外出游玩… 我自然是很丝滑地就加入了

Everyone left the city for Labour Day... so naturally I observed the holiday too","被其他通知服务取消, 3天前"
售价31.8万元起！2027款宝马X3正式上市，增加舒享配置，颜值进阶,宝马X3上市，这个价格它胜算大吗？,"被其他通知服务取消, 3天前"
派送通知,🔵快递员发来一条派送提醒>>,
派送通知,🔵快递员发来一条派送提醒>>,"因用户点击全部消除而取消, 3天前"
随身wifi吧（关注）,100多的一个5G随身WiFi，商家宣传是三网通 实际只有移...,
随身wifi吧（关注）,100多的一个5G随身WiFi，商家宣传是三网通 实际只有移...,"被其他通知服务取消, 3天前"
叮～发现一个帮你自动省钱的神器！,不用费脑子比价，AI 帮你自动搞定，开启就能省～,
叶航克，你有1条新消息,你好，叶航克，在考虑新的工作机会吗？[微笑],
叶航克，你有1条新消息,你好，叶航克，在考虑新的工作机会吗？[微笑],"因用户点击全部消除而取消, 3天前"
超级秒杀日中秋礼盒1元秒,中秋将至，节礼备起来！中秋礼盒低至1 元秒杀，官方直降低至 5 折，提前入手不慌张，速戳>>,
超级秒杀日中秋礼盒1元秒,中秋将至，节礼备起来！中秋礼盒低至1 元秒杀，官方直降低至 5 折，提前入手不慌张，速戳>>,"被其他通知服务取消, 3天前"
热爱漫无边际，生活自有分寸,「订阅故事已送达」2025年12月今天你遇见了怎样的风景？,
10:30即将响铃,闹钟,
叶航克，你有1条新消息,你好，我们正在诚聘外贸业务员/助理+提成+晋升，有兴趣聊聊吗,
叶航克，你有1条新消息,你好，我们正在诚聘外贸业务员/助理+提成+晋升，有兴趣聊聊吗,"因用户点击全部消除而取消, 3天前"
09:45即将响铃,闹钟,
叶航克，你有1条新消息,你好，对你之前的经历非常感兴趣，我们这边正在招聘六险一金+周末双休+电销/软件销售/外贸销售，非常希望能和你有进一步的沟通，相互...,
叶航克，你有1条新消息,你好，对你之前的经历非常感兴趣，我们这边正在招聘六险一金+周末双休+电销/软件销售/外贸销售，非常希望能和你有进一步的沟通，相互...,"被其他通知服务取消, 3天前"
2027款宝马X3正式上市：起售价为31.8万元,懂车帝,"被其他通知服务取消, 3天前"
工银信使,用卡助手,
工银信使,用卡助手,"被其他通知服务取消, 3天前"
星杯限时特惠：单件75折，两件立享68折✨,幻彩流光，演绎梦幻美学🌊周年限定款「海底绮遇」系列星杯上新，带你邂逅深海浪漫~（如已兑换请忽略）,
星杯限时特惠：单件75折，两件立享68折✨,幻彩流光，演绎梦幻美学🌊周年限定款「海底绮遇」系列星杯上新，带你邂逅深海浪漫~（如已兑换请忽略）,"被其他通知服务取消, 3天前"
@云村村民您有一首歌曲推荐，请查收!,投递方《奇妙在身边》,
@云村村民您有一首歌曲推荐，请查收!,投递方《奇妙在身边》,"被其他通知服务取消, 3天前"
《空枪》票房破五亿🎬,福利花絮放送，朱一龙饰演的万梓强早年经历也被带入讨论。🍿,
叶航克，你有1条新消息,请问可以聊聊吗,
叶航克，你有1条新消息,请问可以聊聊吗,"因用户点击全部消除而取消, 3天前"
有人出现,【小米智能门铃3-2204-糖糖兔大王的宫殿】,
有人出现,【小米智能门铃3-2204-糖糖兔大王的宫殿】,"因用户点击全部消除而取消, 3天前"
昨日ETF资金整体净流入39.78亿元,据同花顺iFinD数据显示，2026年9月8日，ETF资金整体净流入39.78亿元，股票型净流出26.05亿元，宽基型净流出40.94亿元。当日ETF资金净流入榜单排名前3依次为：5年地债（15997,
昨日ETF资金整体净流入39.78亿元,据同花顺iFinD数据显示，2026年9月8日，ETF资金整体净流入39.78亿元，股票型净流出26.05亿元，宽基型净流出40.94亿元。当日ETF资金净流入榜单排名前3依次为：5年地债（15997,"被其他通知服务取消, 3天前"
5.2折摇优惠专享券今天即将过期,100%纯抹茶系列🍵鲜醇升级！口感细腻、茶感醇正>>,
5.2折摇优惠专享券今天即将过期,100%纯抹茶系列🍵鲜醇升级！口感细腻、茶感醇正>>,"被其他通知服务取消, 3天前"
09:30即将响铃,闹钟,
中秋国庆放假通知！准备抢票！,国务院办公厅通知，今年中秋放假3天不调休，国庆放假7天调休2天，9月11日起可购中秋火车票，9月17日起购国庆火车票。详情>>,
中秋国庆放假通知！准备抢票！,国务院办公厅通知，今年中秋放假3天不调休，国庆放假7天调休2天，9月11日起可购中秋火车票，9月17日起购国庆火车票。详情>>,"取消原因未知, 3天前"
随身wifi吧（关注）,随身WiFi 求助这款怎么样，住宿舍，主要给电脑用刷视频偶尔...,
随身wifi吧（关注）,随身WiFi 求助这款怎么样，住宿舍，主要给电脑用刷视频偶尔...,"被其他通知服务取消, 3天前"
超值早餐🌅两件套低至9.9元,9.9元享一堡一咖，感受浓浓东南亚风味，点击解锁美味>>>,
超值早餐🌅两件套低至9.9元,9.9元享一堡一咖，感受浓浓东南亚风味，点击解锁美味>>>,"被其他通知服务取消, 3天前"
人洗3澡 命比纸薄,俗语说“人洗3澡，命比纸薄”，哪些澡应避免，及早知晓可受益,
人洗3澡 命比纸薄,俗语说“人洗3澡，命比纸薄”，哪些澡应避免，及早知晓可受益,"被其他通知服务取消, 3天前"
1068134510004135,"【工商银行】您好，我行授予您300000元于9月15日停办，可用于日常消费，房屋装修，生意应急
回1确认金额
回2查利息
拒收请回复R",
1068134510004135,"【工商银行】您好，我行授予您300000元于9月15日停办，可用于日常消费，房屋装修，生意应急
回1确认金额
回2查利息
拒收请回复R","因用户滑动消除而取消, 3天前"
你关注的歌手发布了1个最新作品,点击查看详情，立即试听,
你关注的歌手发布了1个最新作品,点击查看详情，立即试听,"被其他通知服务取消, 3天前"
阿森纳战胜切尔西赢下德比⚽,昔日好友场边斗法，阿森纳锁定胜局，切尔西新帅吞下首败。😮,
✨夜间物流更新提醒,您的快递已在夜间更新，其中有别人给您买的包裹哦，点击查看>>,
✨夜间物流更新提醒,您的快递已在夜间更新，其中有别人给您买的包裹哦，点击查看>>,"被其他通知服务取消, 3天前"
如何“无痛”练口语❓,口语搭子招募：场景互动，沉浸式对话，轻松练口语>>,
如何“无痛”练口语❓,口语搭子招募：场景互动，沉浸式对话，轻松练口语>>,"被其他通知服务取消, 3天前"
有 3 项更新,共有 9 项更新待安装,
有 4 项更新,共有 48 项更新待安装,
糖糖包老婆🥰🥰,私信了你: [分享视频],
糖糖包老婆🥰🥰,私信了你: [分享视频],"被其他通知服务取消, 3天前"
嵊州市今日天气[2026-9-9],"【防晒提醒】嵊州市今日晴天20～28度,紫外线辐射极强，建议涂擦SPF20以上、PA++的防晒护肤品，尽量避免暴露于日光下。详情>>",
嵊州市今日天气[2026-9-9],"【防晒提醒】嵊州市今日晴天20～28度,紫外线辐射极强，建议涂擦SPF20以上、PA++的防晒护肤品，尽量避免暴露于日光下。详情>>","被其他通知服务取消, 3天前"
飞书,"大主理人: ☀️ 早安！2026-09-09 周三（单周第37周）📅 今日上班，注意通勤安全！🌤️ 温州 今日天气
天气: 多云
温度:...",
飞书,"大主理人: ☀️ 早安！2026-09-09 周三（单周第37周）📅 今日上班，注意通勤安全！🌤️ 温州 今日天气
天气: 多云
温度:...","因用户滑动消除而取消, 3天前"
糖糖包老婆🥰🥰,私信了你: [分享视频],
糖糖包老婆🥰🥰,私信了你: [分享视频],"被其他通知服务取消, 3天前"
糖糖包老婆🥰🥰,私信了你: [分享视频],
糖糖包老婆🥰🥰,私信了你: [分享视频],"被其他通知服务取消, 3天前"
糖糖包老婆🥰🥰,私信了你: [分享视频],
糖糖包老婆🥰🥰,私信了你: [分享视频],"被其他通知服务取消, 3天前"
"每日早间通勤助手任务：
1. 获取今天是星期几（用 cli","早，周三通勤天气来了。 <card url=""tool://weather.js"">
{""type"":""main"",""location"":""温州鹿城"",""temperature"":""24"",""wea",
糖糖包老婆🥰🥰,私信了你: [分享视频],"被其他通知服务取消, 3天前"
blocklauncher插件吧（关注）,【LockMyPix】免费链接，最新版安装教程+亲测可用,
blocklauncher插件吧（关注）,【LockMyPix】免费链接，最新版安装教程+亲测可用,"取消原因未知, 3天前"
糖糖包老婆🥰🥰,私信了你: [分享视频],
糖糖包老婆🥰🥰,私信了你: [分享视频],"被其他通知服务取消, 3天前"
早上好，今日天气提醒,鹿城，小雨转晴，32/22°C，空气优，西北风2级,
糖糖包老婆🥰🥰,私信了你: [分享图文],
糖糖包老婆🥰🥰,私信了你: [分享图文],"被其他通知服务取消, 3天前"
美股三大指数集体收跌 光通信领涨  医疗领跌,美股三大指数集体收跌，道指跌1.17%，纳指跌0.32%，标普500指数跌0.58%。光通信板块大涨，Lumentum涨超11%，康宁涨超7%，Coherent涨超7%；AI算力租赁商走高，CoreW,
美股三大指数集体收跌 光通信领涨  医疗领跌,美股三大指数集体收跌，道指跌1.17%，纳指跌0.32%，标普500指数跌0.58%。光通信板块大涨，Lumentum涨超11%，康宁涨超7%，Coherent涨超7%；AI算力租赁商走高，CoreW,"取消原因未知, 3天前"
查找,正在处理...,
查找,正在处理...,"取消原因未知, 3天前"
查找,正在处理...,
查找,正在处理...,"App 自行取消, 3天前"
OpenClaw,"⚠️ 微博监控 Cookie 失效提醒：已配置的微博 Cookie 验证为未登录或已失效，微博动态自动监控已暂停。
请重新获取 Cookie，更新后使用 /weibo_verify 验证。",
QQ邮箱提醒,Xiaomi MiMo: Xiaomi MiMo 桌面客户端开放邀测，限时体验新一代小米模型 MiMo-X-P ,
查找,正在处理...,
minecraft吧（关注）,如果末影龙在水晶被全部破坏前会处于无敌状态,
minecraft吧（关注）,如果末影龙在水晶被全部破坏前会处于无敌状态,"取消原因未知, 3天前"
糖糖包老婆🥰🥰,提醒你早点睡,
糖糖包老婆🥰🥰,提醒你早点睡,"因用户点击全部消除而取消, 3天前"
打开浏览器,查看https://m.twitch.tv/verstappensimracing?desktop-redirect=true,
传输完成,接收设备：ytdttj的REDMI K90 Ultra,
正在发送1个文件,5.63 MB,
等待对方接收,接收设备：ytdttj的REDMI K90 Ultra,
打开浏览器,查看https://s2.trojanflare.one/clashx/01955767-75a0-4b9c-9da3-8bc65e7d589f,
REDMIK90系列反馈交流群,[群公告]酷安@往不忆 K90至尊版: [群公告]@全体成员更新V2.1正式版内测更新内容如下:1:修复控制中心联调模式以及底层写入模式下，点击关闭后，数据面板不显示关闭，且转速一直显示2的问题。2:优化快捷档位控制按钮的显示效果，使其更美观…,
REDMIK90系列反馈交流群,[群公告]酷安@往不忆 K90至尊版: [群公告]@全体成员更新V2.1正式版内测更新内容如下:1:修复控制中心联调模式以及底层写入模式下，点击关闭后，数据面板不显示关闭，且转速一直显示2的问题。2:优化快捷档位控制按钮的显示效果，使其更美观…,"因用户点击而取消, 4天前"
符文MOD联机适配规划,已创建 [OnlinePlan.md](file:///D:/TraeProjects/MCMods,
符文MOD联机适配规划,已创建 [OnlinePlan.md](file:///D:/TraeProjects/MCMods,"因用户滑动消除而取消, 4天前"
发现14个恶意应用,包含“JMComic3”等应用，点击处理,
「菜鸟」物流服务通知,您的中通快递包裹已经到达揭阳市啦~点击查看轨迹详情>>,
「菜鸟」物流服务通知,您的中通快递包裹已经到达揭阳市啦~点击查看轨迹详情>>,"因用户点击全部消除而取消, 4天前"
【失效提醒】,您的账号***于2026-09-08 21:25:00收到提醒，【0元领】VIP会员，爱奇艺、优酷、芒果TV、bilibili片库任性看。今日机会不领失效，速点>>>,
随身wifi吧（关注）,学生求随身WiFi购入推荐,
随身wifi吧（关注）,学生求随身WiFi购入推荐,"被其他通知服务取消, 4天前"
传输完成,接收设备：ytdttj的REDMI K90 Ultra,
正在发送1个文件,5.61 MB,
等待对方接收,接收设备：ytdttj的REDMI K90 Ultra,
笨蛋YBY,ok,
电影吧（关注）,女生和我躺床上看电影脸红怎么回事,
电影吧（关注）,女生和我躺床上看电影脸红怎么回事,"被其他通知服务取消, 4天前"
飞利猫交流群12,"商务售后: 飞利猫3.0版本政策解读：
客户激活充年套餐，可奖励代理一台新设备，新设备给新客户激活充年套餐，又奖励代理一台新设备，循环往复，达到设备免费的效果

3.0版本套餐299一年，按基础分佣35%（月激活台数达标可升级更高佣金）算，299乘以35%=105。

加上奖励给代理的新设备（价值59，可收取客...",
飞利猫交流群12,"商务售后: 飞利猫3.0版本政策解读：
客户激活充年套餐，可奖励代理一台新设备，新设备给新客户激活充年套餐，又奖励代理一台新设备，循环往复，达到设备免费的效果

3.0版本套餐299一年，按基础分佣35%（月激活台数达标可升级更高佣金）算，299乘以35%=105。

加上奖励给代理的新设备（价值59，可收取客...","App 自行取消, 4天前"
“应用通话录音”正在运行,点按即可了解详情或停止应用。,
有 15 项更新,共有 57 项更新待安装,
新邮件：GitHub,"[GitHub] You've been removed from the ""CSG-Studio"" organization",
新邮件：GitHub,"[GitHub] You've been removed from the ""CSG-Studio"" organization","因用户点击而取消, 4天前"
笨蛋YBY,[2条]笨蛋YBY: 不支持mac,
笨蛋YBY,[动画表情],
打开浏览器,查看https://github.com/CSG-Studio/RuneMod,
创建英雄联盟符文Mod方案,全部完成。 ## 1. [.gitignore](file:///d:/TraeProjects/M,
创建英雄联盟符文Mod方案,全部完成。 ## 1. [.gitignore](file:///d:/TraeProjects/M,"因用户滑动消除而取消, 4天前"
小米18 Fold预售已开启,新形态「中折叠」，点击了解>>,
极星4 SUV版官图发布！取消无后窗设计，双电机3.9秒破百,懂车帝,
马克马克马克 私信你,纯奶油小生娘炮脸,
马克马克马克 私信你,纯奶油小生娘炮脸,"因通知摘要被取消而取消, 4天前"
马克马克马克 私信你,给你分享了[笔记],
马克马克马克 私信你,给你分享了[笔记],"因通知摘要被取消而取消, 4天前"
马克马克马克 私信你,ce 什么路边,
马克马克马克 私信你,ce 什么路边,"因通知摘要被取消而取消, 4天前"
部分数据有丢失风险，建议开启小米云服务,开启小米云服务保护您的数据安全,
部分数据有丢失风险，建议开启小米云服务,开启小米云服务保护您的数据安全,"因用户点击而取消, 4天前"
马克马克马克 私信你,给你分享了[评论],
马克马克马克 私信你,给你分享了[评论],"因用户点击全部消除而取消, 4天前"
糖糖包老婆🥰🥰,私信了你: [分享视频],
糖糖包老婆🥰🥰,私信了你: [分享视频],"被其他通知服务取消, 4天前"
招商银行,您账户1662于09月08日20:13在【财付通-微信支付-老婆大人】发生快捷支付扣款，人民币200.00,
招商银行,您账户1662于09月08日20:13在【财付通-微信支付-老婆大人】发生快捷支付扣款，人民币200.00,"因用户点击全部消除而取消, 4天前"
微信支付,已支付¥200.00,
糖糖包老婆🥰🥰,私信了你: [分享图文],
糖糖包老婆🥰🥰,私信了你: [分享图文],"被其他通知服务取消, 4天前"
马克马克马克 私信你,给你分享了[评论],
马克马克马克 私信你,给你分享了[评论],"因通知摘要被取消而取消, 4天前"
minecraft吧（关注）,大伙是怎么看待商业快餐服?,
minecraft吧（关注）,大伙是怎么看待商业快餐服?,"被其他通知服务取消, 4天前"
Keep,今天的连动还未达成，最后 3 小时啦！,
马克马克马克 私信你,给你分享了[评论],
马克马克马克 私信你,给你分享了[评论],"因通知摘要被取消而取消, 4天前"
揽收通知,别人给您买的包裹已被快递员揽收，关注到达时间>>,
揽收通知,别人给您买的包裹已被快递员揽收，关注到达时间>>,"因用户点击全部消除而取消, 4天前"
「菜鸟」物流服务通知,您的中通快递包裹快递员已揽收，点击查看>>,
「菜鸟」物流服务通知,您的中通快递包裹快递员已揽收，点击查看>>,"因用户点击全部消除而取消, 4天前"
小爱正在运行中,,"App 自行取消, 4天前"
2025款ZEEKR 007GT，里程0.37万公里，几乎全新，比新车便宜4.6万，性价比超高...,新车价7.9折就能买到几乎全新的二手ZEEKR 007GT？,
2025款ZEEKR 007GT，里程0.37万公里，几乎全新，比新车便宜4.6万，性价比超高...,新车价7.9折就能买到几乎全新的二手ZEEKR 007GT？,"取消原因未知, 4天前"
有人出现,【小米智能门铃3-2204-糖糖兔大王的宫殿】,
有人出现,【小米智能门铃3-2204-糖糖兔大王的宫殿】,"因用户滑动消除而取消, 4天前"
有人出现,【小米智能门铃3-2204-糖糖兔大王的宫殿】,
有人出现,【小米智能门铃3-2204-糖糖兔大王的宫殿】,"因用户点击全部消除而取消, 4天前"
有人出现,【小米智能门铃3-2204-糖糖兔大王的宫殿】,
有人出现,【小米智能门铃3-2204-糖糖兔大王的宫殿】,"因用户点击全部消除而取消, 4天前"
叶航克，你有1条新消息,周女士:[系统]您的背景与本岗位高度契合，期待与您沟通,
叶航克，你有1条新消息,周女士:[系统]您的背景与本岗位高度契合，期待与您沟通,"因用户点击全部消除而取消, 4天前"
有人出现,【小米智能门铃3-2204-糖糖兔大王的宫殿】,
有人出现,【小米智能门铃3-2204-糖糖兔大王的宫殿】,"因用户滑动消除而取消, 4天前"
有人出现,【小米智能门铃3-2204-糖糖兔大王的宫殿】,
糖糖兔大王 私信你,价格就能看出来,
糖糖兔大王 私信你,价格就能看出来,"因用户滑动消除而取消, 4天前"
糖糖兔大王 私信你,米戳,
糖糖兔大王 私信你,米戳,"因用户点击全部消除而取消, 4天前"
糖糖兔大王 私信你,哈哈哈哈,
糖糖兔大王 私信你,哈哈哈哈,"因用户点击全部消除而取消, 4天前"
minecraft吧（关注）,如果史蒂夫这样增强怎么样,
minecraft吧（关注）,如果史蒂夫这样增强怎么样,"被其他通知服务取消, 4天前"
有人出现,【小米智能门铃3-2204-糖糖兔大王的宫殿】,
有人出现,【小米智能门铃3-2204-糖糖兔大王的宫殿】,"因用户点击全部消除而取消, 4天前"
长时间未进行云备份,您的设备已经有 25 周未进行云备份，请注意本地数据安全。,
长时间未进行云备份,您的设备已经有 25 周未进行云备份，请注意本地数据安全。,"因用户点击全部消除而取消, 4天前"
付骢 [朋友],推荐了视频：你几兄弟配合打得还可...,"被其他通知服务取消, 4天前"
晚上好，明日天气提醒,鹿城，小雨转晴，31/22°C，空气优，西北风2级,
马克马克马克 私信你,给你分享了[评论],
马克马克马克 私信你,给你分享了[评论],"因用户点击全部消除而取消, 4天前"
吉利竟然用它改了台旅行车？体验全新Polestar 4,等你来看,
吉利竟然用它改了台旅行车？体验全新Polestar 4,等你来看,"被其他通知服务取消, 4天前"
有人出现,【小米智能门铃3-2204-糖糖兔大王的宫殿】,
有人出现,【小米智能门铃3-2204-糖糖兔大王的宫殿】,"因用户点击全部消除而取消, 4天前"
叶航克，你有1条新消息,您好，我们这边是做消防+建工+学历成人职业教育的，目前招聘课程顾问，前期提供产品带教，后期有销售经理和事业部负责人的晋升空间，您...,
叶航克，你有1条新消息,您好，我们这边是做消防+建工+学历成人职业教育的，目前招聘课程顾问，前期提供产品带教，后期有销售经理和事业部负责人的晋升空间，您...,"因用户点击全部消除而取消, 4天前"
物流已更新，点击查看>,当前您有2个在途包裹，点击可查看详细信息 >>,
物流已更新，点击查看>,当前您有2个在途包裹，点击可查看详细信息 >>,"被其他通知服务取消, 4天前"
小陈,请求添加你为朋友,
小陈,请求添加你为朋友,"因用户滑动消除而取消, 4天前"
小米·中国汽车场地职业联赛门票开售,看明星车手激烈角逐，赠专属棒球帽，数量有限先到先得！,
小爱正在运行中,,
REDMIK90系列反馈交流群(2条新消息),[@全体成员]酷安@往不忆 K90至尊版: @全体成员 ,
REDMIK90系列反馈交流群(2条新消息),[@全体成员]酷安@往不忆 K90至尊版: @全体成员 ,"因用户点击而取消, 4天前"
REDMIK90系列反馈交流群,[群公告]酷安@往不忆 K90至尊版: [群公告]@全体成员 更新V2.0.5.C11.beta尝鲜版，更新内容如下:1:新增悬浮窗信息显示功能，方便实时查看风扇运行信息，可在个性化设置中调整悬浮窗的透明度以及大小，还可选择显示的信息内容。2:…,
签收通知,您有1个包裹已经签收，点击反馈>>,
签收通知,您有1个包裹已经签收，点击反馈>>,"因用户点击全部消除而取消, 4天前"
打开“淘宝”看看,一键跳转,
有人出现,【小米智能门铃3-2204-糖糖兔大王的宫殿】,
有人出现,【小米智能门铃3-2204-糖糖兔大王的宫殿】,"因用户滑动消除而取消, 4天前"
豆包新鲜看点,资讯：九家车企同日共召回超 427 万辆问题汽车,
豆包新鲜看点,资讯：九家车企同日共召回超 427 万辆问题汽车,"被其他通知服务取消, 4天前"
王钧博,私信了你: [分享视频],
王钧博,私信了你: [分享视频],"被其他通知服务取消, 4天前"
REDMIK90系列反馈交流群(2条新消息),[@全体成员]酷安@往不忆 K90至尊版: @全体成员 已更新beta版，来测试,
REDMIK90系列反馈交流群,[群公告]酷安@往不忆 K90至尊版: [群公告]@全体成员 更新V2.0.5.C11.beta尝鲜版，更新内容如下:1:新增悬浮窗信息显示功能，方便实时查看风扇运行信息，可在个性化设置中调整悬浮窗的透明度以及大小，还可选择显示的信息内容。2:…,
这张照片里有TA吗？,「订阅故事已送达」那个让你开心的人❤️，回去看看>>,
有人出现,【小米智能门铃3-2204-糖糖兔大王的宫殿】,
有人出现,【小米智能门铃3-2204-糖糖兔大王的宫殿】,"因用户点击全部消除而取消, 4天前"
爆款上架：,湖北电信39元160G+200分钟、湖北移动39元150G两款产品仅限武汉、十堰、孝感、咸宁,
爆款上架：,湖北电信39元160G+200分钟、湖北移动39元150G两款产品仅限武汉、十堰、孝感、咸宁,"因用户点击全部消除而取消, 4天前"
c语言吧（关注）,有人知道这是哪出问题导致的bug吗？求问一下,
c语言吧（关注）,有人知道这是哪出问题导致的bug吗？求问一下,"被其他通知服务取消, 4天前"
REDMIK90系列反馈交流群,[@全体成员]酷安@Smartisan_Apple（MifanUltra-风扇模块开发者）: 收一台k90U解好锁的，有出的朋友可以联系我@全体成员 ,
菜鸟驿站上门派送通知,您的包裹由菜鸟驿站上门派送中，派送详情点击查看>>,
MIFIPK/CPE/随身WiFi/5G模块交流群(2条新消息),[@全体成员]SlAlot: @全体成员 网络面板的bug切记 记得@我让我来修复bug，免得有bug我不知道，一直无法修复,
MIFIPK/CPE/随身WiFi/5G模块交流群,[群公告]SlAlot: [群公告]（cpe随身WiFi设备排行）网站：mifipk.comPingTest开源地址：https://github.com/SlAlot/PingTest/tree/main关于网络面板小程序：微…,
2027款宝马BMW X3正式上市，31.8万元起,懂车帝,
2027款宝马BMW X3正式上市，31.8万元起,懂车帝,"取消原因未知, 4天前"
c语言吧（关注）,c语言小白 有人能给一点学习网安的路线吗（c已经学到指针了）...,
c语言吧（关注）,c语言小白 有人能给一点学习网安的路线吗（c已经学到指针了）...,"被其他通知服务取消, 4天前"
消息通知,你收到一条问问消息,
消息通知,你收到一条问问消息,"被其他通知服务取消, 4天前"
入秋养生 | 米家杀菌足浴器上线！,有奖互动，点击参与>>,
工银信使,Apple超值嗨购，领券享额外立减！,
工银信使,Apple超值嗨购，领券享额外立减！,"被其他通知服务取消, 4天前"
马克马克马克 私信你,大本已经回不去了,
马克马克马克 私信你,大本已经回不去了,"因用户点击全部消除而取消, 4天前"
马克马克马克 私信你,哎,
马克马克马克 私信你,哎,"因用户点击全部消除而取消, 4天前"
马克马克马克 私信你,爱,
马克马克马克 私信你,爱,"因用户点击全部消除而取消, 4天前"
糖糖包老婆🥰🥰,私信了你: [分享视频],
糖糖包老婆🥰🥰,私信了你: [分享视频],"被其他通知服务取消, 4天前"
糖糖包老婆🥰🥰,私信了你: 男性生育损伤？,"通知被延后, 4天前"
送你一份音乐好礼,立即领取>,
送你一份音乐好礼,立即领取>,"被其他通知服务取消, 4天前"
马克马克马克 私信你,给你分享了[笔记],
马克马克马克 私信你,给你分享了[笔记],"因用户点击全部消除而取消, 4天前"
Danny Chen,[3条]Danny Chen: [动画表情],
Danny Chen,[3条]Danny Chen: [动画表情],"App 自行取消, 4天前"
Danny Chen,[2条]Danny Chen: [图片],
Danny Chen,终于找到机会怼陈文喜了,
糖糖包老婆🥰🥰,私信了你: [分享视频],
糖糖包老婆🥰🥰,私信了你: [分享视频],"被其他通知服务取消, 4天前"
糖糖包老婆🥰🥰,私信了你: 米戳,
糖糖包老婆🥰🥰,私信了你: 米戳,"取消原因未知, 4天前"
糖糖包老婆🥰🥰,私信了你: 米戳米戳,
糖糖包老婆🥰🥰,私信了你: 米戳米戳,"被其他通知服务取消, 4天前"
糖糖包老婆🥰🥰,私信了你: 哈哈哈哈哈,
糖糖包老婆🥰🥰,私信了你: 哈哈哈哈哈,"被其他通知服务取消, 4天前"
糖糖包老婆🥰🥰,私信了你: 哈哈哈哈哈,
糖糖包老婆🥰🥰,私信了你: 哈哈哈哈哈,"取消原因未知, 4天前"
糖糖包老婆🥰🥰,私信了你: 哈哈哈哈,
糖糖包老婆🥰🥰,私信了你: 哈哈哈哈,"被其他通知服务取消, 4天前"
糖糖包老婆🥰🥰,私信了你: 分享[评论],
糖糖包老婆🥰🥰,私信了你: 分享[评论],"被其他通知服务取消, 4天前"
糖糖包老婆🥰🥰,私信了你: [分享视频],
糖糖包老婆🥰🥰,私信了你: [分享视频],"被其他通知服务取消, 4天前"
飞书,大主理人: 低收益区（合计回报率 0%~30%）1. 005223 广发中证基建工程ETF联接A — 净值 0.8337 | 日 +0.47...,
飞书,大主理人: 低收益区（合计回报率 0%~30%）1. 005223 广发中证基建工程ETF联接A — 净值 0.8337 | 日 +0.47...,"因通知摘要被取消而取消, 4天前"
飞书,"大主理人: 📊 基金查询结果（按合计回报率从低到高排序）
📅 2026-09-08亏损区（合计回报率为负）1. 004856...",
飞书,"大主理人: 📊 基金查询结果（按合计回报率从低到高排序）
📅 2026-09-08亏损区（合计回报率为负）1. 004856...","因通知摘要被取消而取消, 4天前"
103度电！上汽新车官宣：9月10日正式预售,懂车帝,
103度电！上汽新车官宣：9月10日正式预售,懂车帝,"被其他通知服务取消, 4天前"
9.9元选美禄🌴好喝不迷“禄”,🌴畅享经典东南亚浓醇可可风味，9.9元解锁惬意时刻>>,
9.9元选美禄🌴好喝不迷“禄”,🌴畅享经典东南亚浓醇可可风味，9.9元解锁惬意时刻>>,"取消原因未知, 4天前"
马克马克马克 私信你,傻逼公交迷是这样的,
马克马克马克 私信你,傻逼公交迷是这样的,"因用户滑动消除而取消, 4天前"
查找,正在处理...,
查找,正在处理...,"App 自行取消, 4天前"
应用商店正在检查应用更新,,
应用商店正在检查应用更新,,"App 自行取消, 4天前"
中国农业银行,您的月度账单已更新,
待领取,专属低价好物速抢>>,
待领取,专属低价好物速抢>>,"被其他通知服务取消, 4天前"
叶航克，你有1条新消息,你好，我们群芳教育正在诚聘初高中英语老师，可以聊聊吗？,
叶航克，你有1条新消息,你好，我们群芳教育正在诚聘初高中英语老师，可以聊聊吗？,"因用户点击全部消除而取消, 4天前"
续航845km+800V+5C+高阶智驾，这样的“全能套餐”要什么价？,等你来看,
打开浏览器,查看https://s2.trojanflare.one/clashx/01955767-75a0-4b9c-9da3-8bc65e7d589f,
叶航克，你有1条新消息,你好，最近有找到心仪工作不，我们正在招阀门外贸业务员（双休），感兴趣的话可以详细聊一下哈,
叶航克，你有1条新消息,你好，最近有找到心仪工作不，我们正在招阀门外贸业务员（双休），感兴趣的话可以详细聊一下哈,"因用户点击全部消除而取消, 4天前"
电影吧（关注）,皮特新片野兽之心定档,
电影吧（关注）,皮特新片野兽之心定档,"取消原因未知, 4天前"
REDMIK90系列反馈交流群,[@全体成员]酷安@往不忆 K90至尊版: @全体成员 beta尝鲜版，新增悬浮窗信息显示功能，优化通知卡片通知样式，该版本并不代表最终2.1版本，仅供尝鲜测试新功能,
157个支付宝会员积分待领取,你已攒0积分，快来兑换权益吧，过期就没了哦>>【订阅】,
157个支付宝会员积分待领取,你已攒0积分，快来兑换权益吧，过期就没了哦>>【订阅】,"取消原因未知, 4天前"
糖糖兔大王 私信你,给你分享了[笔记],
糖糖兔大王 私信你,给你分享了[笔记],"因用户点击全部消除而取消, 4天前"
飞书,"大主理人: 📰 每日新闻摘要 (2026-09-08 13:30)━━━━━━━━━━━━━━━━
🌍 时事新闻...",
飞书,"大主理人: 📰 每日新闻摘要 (2026-09-08 13:30)━━━━━━━━━━━━━━━━
🌍 时事新闻...","因用户滑动消除而取消, 4天前"
截至本月，您的剩余积分数为3314,88VIP专享·大牌月饼1元兑换包邮到手，点此查看>>,
截至本月，您的剩余积分数为3314,88VIP专享·大牌月饼1元兑换包邮到手，点此查看>>,"被其他通知服务取消, 4天前"
取件通知,圆通速递快递提醒：杭州五幸家园南区店有您的件，查看取件信息>>,
「菜鸟」物流服务通知,您有一个包裹已送到菜鸟驿站，另有3个在途包裹可查，点击查看详情>>,
「菜鸟」物流服务通知,您有一个包裹已送到菜鸟驿站，另有3个在途包裹可查，点击查看详情>>,"因用户点击全部消除而取消, 4天前"
菜鸟驿站发来一条取件提醒,你有包裹到站啦，点击查看取件码>>>,
菜鸟驿站发来一条取件提醒,你有包裹到站啦，点击查看取件码>>>,"因用户点击全部消除而取消, 4天前"
奥迪扛不住了！E5 Sportback价格大跳水，800V+quattro，诚意够不,超5000人关注的作者发文啦！,
马克马克马克 私信你,给你分享了[评论],
马克马克马克 私信你,给你分享了[评论],"因用户点击全部消除而取消, 4天前"
米家,正在更新资料,
马克马克马克 私信你,给你分享了[评论],
马克马克马克 私信你,给你分享了[评论],"因用户滑动消除而取消, 4天前"
“短信”正在运行,点按即可了解详情或停止应用。,
腾讯科技,…*82」，验证码705458。提供给他人会导致QQ被盗和资产损失，若非本人操作，请修改密码。,
腾讯科技,…*82」，验证码705458。提供给他人会导致QQ被盗和资产损失，若非本人操作，请修改密码。,"App 自行取消, 4天前"
QQ邮箱提醒,Instagram: Authenticate your profile ,
c++吧（关注）,实习/工作求助 鼠鼠211本，基本算是玩了3年，中间学了一些...,
c++吧（关注）,实习/工作求助 鼠鼠211本，基本算是玩了3年，中间学了一些...,"取消原因未知, 4天前"
飞牛,相册备份服务正在运行,"通知被延后, 4天前"
已安装 散热器超频工具 3.0.1,"耗时:0m0s749ms,点按启动应用。",
已安装 散热器超频工具 3.0.1,"耗时:0m0s749ms,点按启动应用。","因用户点击全部消除而取消, 4天前"
查找,正在处理...,
飞智游戏厅,飞智按键映射服务:【手柄未连接】,
飞智游戏厅,飞智按键映射服务:【手柄未连接】,"通知被延后, 4天前"
飞牛,相册备份服务正在运行,
打开浏览器,查看https://github.com/Yunnijian/Xiaomi_FanUltra/releases/tag/v1.2.1,
vivo的影像旗舰也很聪明！,搭载全新OS 7.0，预约赢新机>,
vivo的影像旗舰也很聪明！,搭载全新OS 7.0，预约赢新机>,"取消原因未知, 4天前"
已安装 UFIPanel 1.2.1,"耗时:0m0s353ms,点按启动应用。",
已安装 UFIPanel 1.2.1,"耗时:0m0s353ms,点按启动应用。","因用户点击全部消除而取消, 4天前"
app-release.apk,下载完成 • 2.14 MB,
app-release.apk,下载完成 • 2.14 MB,"App 自行取消, 4天前"
app-release.apk,已下载 0.00 KB，共 2.14 MB,
已到账,2026-09-08：您的账户入账1笔惊喜补贴，将于23:59过期，可低价购买您感兴趣的...,
已到账,2026-09-08：您的账户入账1笔惊喜补贴，将于23:59过期，可低价购买您感兴趣的...,"被其他通知服务取消, 4天前"
许浩杰 [互相关注],推荐了视频：吃水煮菜就叫干净饮食...,
许浩杰 [互相关注],推荐了视频：吃水煮菜就叫干净饮食...,"取消原因未知, 4天前"
特关 房东的猫,"我们躲进绵长的「梦境」，在空想的温柔里，暂时躲避成长的慌张。可梦境，终究只是幻境。

后来迷雾缓缓散开，我们看清虚幻，告别假象，缓缓「苏醒」。

虚无终会落幕，生活也不会止步于此，那就走进真实，跳出属...
ytdttj",
仅14元抱走麦乐鸡10块😎,金黄炸鸡块外酥里嫩，快乐就这么简单🥰，来麦麦省领取>>>,
仅14元抱走麦乐鸡10块😎,金黄炸鸡块外酥里嫩，快乐就这么简单🥰，来麦麦省领取>>>,"被其他通知服务取消, 4天前"
随身wifi吧（关注）,那个F50Pro.在RSRP-110的时候信号怎么样,
随身wifi吧（关注）,那个F50Pro.在RSRP-110的时候信号怎么样,"被其他通知服务取消, 4天前"
账单随时看！,添加钱包AI记账小部件，自动同步消费账单，钱花在哪一眼看清，存钱变简单～,
新邮件：阿里云,【阿里云】云安全中心周报,
新邮件：阿里云,【阿里云】云安全中心周报,"因用户滑动消除而取消, 4天前"
月光族救星！,钱包新上 AI 记账，自动分类支出 + 超支预警，钱花在哪一眼看清，存钱变简单～,
查找,正在处理...,
@懒酱的日记本,#小米澎湃OS4# “祖传设计”-1。[...(图)>>,
@懒酱的日记本,#小米澎湃OS4# “祖传设计”-1。[...(图)>>,"被其他通知服务取消, 4天前"
米家智能消毒机,轻音智能消烘，专业级母婴守护,
米家智能消毒机,轻音智能消烘，专业级母婴守护,"被其他通知服务取消, 4天前"
开学寄行李🔥,学生价72折起，再领520元寄件券！,
开学寄行李🔥,学生价72折起，再领520元寄件券！,"被其他通知服务取消, 4天前"
降价提醒,您关注的【中兴5G移动随身wifi6 G5TS无线... 】刚刚申请到了特殊补贴，请注意查收>>,
降价提醒,您关注的【中兴5G移动随身wifi6 G5TS无线... 】刚刚申请到了特殊补贴，请注意查收>>,"被其他通知服务取消, 4天前"
づ♡ど 拍了拍你,并为你点亮 心动频率>,
づ♡ど 拍了拍你,并为你点亮 心动频率>,"被其他通知服务取消, 4天前"
叶航克，你有1条新消息,王聪华:你好，之前是做外贸哦,
叶航克，你有1条新消息,王聪华:你好，之前是做外贸哦,"因用户点击全部消除而取消, 4天前"
づ♡ど 拍了拍你,并为你点亮 心动频率>,
づ♡ど 拍了拍你,并为你点亮 心动频率>,"被其他通知服务取消, 4天前"
叶航克，你有1条新消息,请问在考虑新的工作机会吗？,
叶航克，你有1条新消息,请问在考虑新的工作机会吗？,"因用户点击全部消除而取消, 4天前"
奇瑞黑马SUV掀桌！续航2000km+7气囊+喝92油，月均800就能养！,拥有超10000粉丝的作者发文了，你看过了吗？,
奇瑞黑马SUV掀桌！续航2000km+7气囊+喝92油，月均800就能养！,拥有超10000粉丝的作者发文了，你看过了吗？,"取消原因未知, 4天前"
Keep,上周 08/31 ~ 09/06 运动 25 分钟，这是你的运动数据周报,
minecraft吧（关注）,这位想法非常不错 如果玩家被末影人击杀过多次，并且被堵出生点...,
minecraft吧（关注）,这位想法非常不错 如果玩家被末影人击杀过多次，并且被堵出生点...,"被其他通知服务取消, 4天前"
叶航克，你有1条新消息,陈女士:我们这边薪资结构是这样的底薪+两个点提成+其他补贴，底薪看面试时候根据个人能力和经验由部门负责人决定的,
叶航克，你有1条新消息,陈女士:我们这边薪资结构是这样的底薪+两个点提成+其他补贴，底薪看面试时候根据个人能力和经验由部门负责人决定的,"因用户点击全部消除而取消, 4天前"
叶航克，你有1条新消息,这位朋友你好啊，我们这边的外贸专员岗位，有兴趣了解一下吗。,
叶航克，你有1条新消息,这位朋友你好啊，我们这边的外贸专员岗位，有兴趣了解一下吗。,"因用户点击全部消除而取消, 4天前"
叶航克，你有1条新消息,30年工匠精神铸就国家重点高新技术企业、重点小巨人企业—工正智能设备股份欢迎您！包住、健身房、食堂4.5元/餐、五险一金、节日馈...,
叶航克，你有1条新消息,30年工匠精神铸就国家重点高新技术企业、重点小巨人企业—工正智能设备股份欢迎您！包住、健身房、食堂4.5元/餐、五险一金、节日馈...,"被其他通知服务取消, 4天前"
干饭啦！麦乐送单人餐才28.9？,双层脆鸡堡、培根双牛堡...28.9元单人餐超多汉堡可选，麦金卡还享0元外送到家,
干饭啦！麦乐送单人餐才28.9？,双层脆鸡堡、培根双牛堡...28.9元单人餐超多汉堡可选，麦金卡还享0元外送到家,"被其他通知服务取消, 4天前"
叶航克，你有1条新消息,你好，我们正在招聘TOB销售代表（底薪6000 +双休），请问方便聊聊吗？,
叶航克，你有1条新消息,你好，我们正在招聘TOB销售代表（底薪6000 +双休），请问方便聊聊吗？,"因用户点击全部消除而取消, 4天前"
通知,2026-09-08 11:00:00 收到提醒，领至高满15减15外卖红包，还能返现金>>>,
19213068405,未接电话,
海关总署：中国8月集成电路出口407.31亿美元，同比增长1,海关总署数据显示，中国8月集成电路出口407.31亿美元，同比增长129.8%；汽车出口183.3亿美元，同比增长43%；稀土出口7354.66万美元，同比增长33.7%；手机出口87.98亿美元，同,
海关总署：中国8月集成电路出口407.31亿美元，同比增长1,海关总署数据显示，中国8月集成电路出口407.31亿美元，同比增长129.8%；汽车出口183.3亿美元，同比增长43%；稀土出口7354.66万美元，同比增长33.7%；手机出口87.98亿美元，同,"取消原因未知, 4天前"
任豪,给你发来：3条 [语音],
任豪,给你发来：3条 [语音],"被其他通知服务取消, 4天前"
【限时】T+0交易可开通,已赠送您T+0交易权限，赚了就跑，无惧被套！3分钟免费开通>>,
【限时】T+0交易可开通,已赠送您T+0交易权限，赚了就跑，无惧被套！3分钟免费开通>>,"被其他通知服务取消, 4天前"
2027款宝马X3上市，售价不变，配置升级,懂车帝,
派送通知,🔵快递员发来一条派送提醒>>,
随身wifi吧（关注）,求随身WiFi推荐 大学一个人用，连三台设备，游戏玩燕云和第...,
随身wifi吧（关注）,求随身WiFi推荐 大学一个人用，连三台设备，游戏玩燕云和第...,"被其他通知服务取消, 4天前"
17734335229 ｜ 广告推销,未接电话,
天空是过去写给未来的情书,「订阅故事已送达」2018年今天的天空藏着什么样的回忆？,
你好,已到账：[20.0元补贴],
你好,已到账：[20.0元补贴],"取消原因未知, 4天前"
维达张凌赫同款,号外~新线索降「凌」，抢先看心动好礼！呵护组套8日10点开抢！到手71件！解锁限时周边！0元抽亲签照,
维达张凌赫同款,号外~新线索降「凌」，抢先看心动好礼！呵护组套8日10点开抢！到手71件！解锁限时周边！0元抽亲签照,"被其他通知服务取消, 4天前"
鹏华基金,"【鹏华基金】尊敬的叶先生,您于2026年09月07日在财通证券提交的申购鹏华兴鑫宝货币A基金的申请已确认成功,确认金额为1764元,确认份额为1764份,当日单位净值为1。祝您生活愉快！拒收请回复R。",
鹏华基金,"【鹏华基金】尊敬的叶先生,您于2026年09月07日在财通证券提交的申购鹏华兴鑫宝货币A基金的申请已确认成功,确认金额为1764元,确认份额为1764份,当日单位净值为1。祝您生活愉快！拒收请回复R。","因用户滑动消除而取消, 4天前"
售价31.8万元起！2027款宝马X3正式上市，增加舒享配置，颜值进阶,宝马X3上市，这个价格它胜算大吗？,
@ytdttj，拍拍你,没什么大不了，听一首《Dangerous》没烦恼,
@ytdttj，拍拍你,没什么大不了，听一首《Dangerous》没烦恼,"被其他通知服务取消, 4天前"
叮！一份【5折全场饮品券】待签收❤,瑞幸咖啡诚邀参与，问卷倒计时！您的意见正在被等待！得5折优惠券，活动仅限2天哟,
叮！一份【5折全场饮品券】待签收❤,瑞幸咖啡诚邀参与，问卷倒计时！您的意见正在被等待！得5折优惠券，活动仅限2天哟,"被其他通知服务取消, 4天前"
女子被逼脱衣强行发生关系 并录下视频,离婚冷静期内，丈夫怀疑妻子出轨，逼妻子脱衣服强行发生关系，并录下2段视频…案件最新进展>>,
女子被逼脱衣强行发生关系 并录下视频,离婚冷静期内，丈夫怀疑妻子出轨，逼妻子脱衣服强行发生关系，并录下2段视频…案件最新进展>>,"被其他通知服务取消, 4天前"
有人出现,【小米智能门铃3-2204-糖糖兔大王的宫殿】,
有人出现,【小米智能门铃3-2204-糖糖兔大王的宫殿】,"因用户滑动消除而取消, 4天前"
昨日ETF资金整体净流出4.48亿元,据同花顺iFinD数据显示，2026年9月7日，ETF资金整体净流出4.48亿元，股票型净流出31.30亿元，宽基型净流入3.00亿元。当日ETF资金净流出榜单排名前3依次为：易方达创业板ETF（15,
昨日ETF资金整体净流出4.48亿元,据同花顺iFinD数据显示，2026年9月7日，ETF资金整体净流出4.48亿元，股票型净流出31.30亿元，宽基型净流入3.00亿元。当日ETF资金净流出榜单排名前3依次为：易方达创业板ETF（15,"被其他通知服务取消, 4天前"
电影吧（关注）,古天乐电影公司被追讨1亿元,
电影吧（关注）,古天乐电影公司被追讨1亿元,"被其他通知服务取消, 4天前"
飞书,"大主理人: ☀️ 早安！2026-09-08 周二（单周第37周）📅 今日上班，注意通勤安全！🌤️ 温州 温州 今日天气
天气: 多云
温度...",
飞书,"大主理人: ☀️ 早安！2026-09-08 周二（单周第37周）📅 今日上班，注意通勤安全！🌤️ 温州 温州 今日天气
天气: 多云
温度...","因用户滑动消除而取消, 4天前"
"每日早间通勤助手任务：
1. 获取今天是星期几（用 cli","今天星期二，工作日。查了温州鹿城的天气，给你通勤建议： <card url=""tool://weather.js"">
{""type"":""main"",""location"":""温州鹿城"",""temper",
售31.8万元起，2027款宝马X3上市,懂车帝,
售31.8万元起，2027款宝马X3上市,懂车帝,"被其他通知服务取消, 4天前"
android吧（关注）,有偿寻找修改固件大神,
android吧（关注）,有偿寻找修改固件大神,"被其他通知服务取消, 4天前"
早上好，今日天气提醒,鹿城，晴转小雨，33/23°C，空气优，西北风1级,
发现14个恶意应用,包含“MX Player Pro”等应用，点击处理,
限时免费领取GOG游戏 《State of Mind》,限免截至9月10日，点击查看订阅消息,
限时免费领取GOG游戏 《State of Mind》,限免截至9月10日，点击查看订阅消息,"被其他通知服务取消, 4天前"
查找,正在处理...,
查找,正在处理...,"App 自行取消, 4天前"
糖糖兔大王 私信你,给你分享了[评论],
糖糖兔大王 私信你,给你分享了[评论],"因用户点击全部消除而取消, 4天前"
糖糖兔大王 私信你,给你分享了[评论],
糖糖兔大王 私信你,给你分享了[评论],"因用户点击全部消除而取消, 4天前"
糖糖兔大王 私信你,给你分享了[笔记],
糖糖兔大王 私信你,给你分享了[笔记],"因用户点击全部消除而取消, 4天前"
minecraft吧（关注）,理性讨论一下，神秘遗物这类mod有这么令人反感吗,
minecraft吧（关注）,理性讨论一下，神秘遗物这类mod有这么令人反感吗,"取消原因未知, 4天前"
糖糖兔大王 私信你,给你分享了[笔记],
糖糖兔大王 私信你,给你分享了[笔记],"因用户点击而取消, 5天前"
ytdttj_Laptop想给你发送文件,去接收,"通知被延后, 5天前"
糖糖兔大王 私信你,给你分享了[笔记],
糖糖兔大王 私信你,给你分享了[笔记],"因用户滑动消除而取消, 5天前"
作用域请求,用户 航克 叶 (0) 上的 com.wengui.hook 请求将 [com.larus.nova] 添加至其作用域。,
作用域请求,用户 航克 叶 (0) 上的 com.wengui.hook 请求将 [com.larus.nova] 添加至其作用域。,"App 自行取消, 5天前"
作用域请求,用户 航克 叶 (0) 上的 com.wengui.hook 请求将 [org.telegram.messenger] 添加至其作用域。,
作用域请求,用户 航克 叶 (0) 上的 com.wengui.hook 请求将 [org.telegram.messenger] 添加至其作用域。,"App 自行取消, 5天前"
小爱正在运行中,,
小爱正在运行中,,"App 自行取消, 5天前"
招商银行,您账户1662于09月07日23:04在【支付宝-浙江天猫供应链管理有限公司】发生快捷支付退款，人民币3.21,
招商银行,您账户1662于09月07日23:04在【支付宝-浙江天猫供应链管理有限公司】发生快捷支付退款，人民币3.21,"因用户点击全部消除而取消, 5天前"
退款提醒,你收到一笔3.21元退款，点此查看账单详情！,
退款提醒,你收到一笔3.21元退款，点此查看账单详情！,"因用户点击全部消除而取消, 5天前"
微信支付,亲属卡扣款凭证,
招商银行,您账户1662于09月07日23:03在【财付通-微信支付-淘宝平台】发生快捷支付扣款，人民币249.70,
招商银行,您账户1662于09月07日23:03在【财付通-微信支付-淘宝平台】发生快捷支付扣款，人民币249.70,"因用户滑动消除而取消, 5天前"
还原成功,One,"通知被延后, 5天前"
交易提醒,你有一笔70.00元的支出，点击领取15个支付宝积分。,
交易提醒,你有一笔70.00元的支出，点击领取15个支付宝积分。,"因用户点击全部消除而取消, 5天前"
One因自身问题闪退,点击查看详细信息,
One因自身问题闪退,点击查看详细信息,"被其他通知服务取消, 5天前"
Xposed 模块已更新,io.github.oneverify 已更新,"因用户点击而取消, 5天前"
One因自身问题闪退,点击查看详细信息,
One因自身问题闪退,点击查看详细信息,"被其他通知服务取消, 5天前"
One因自身问题闪退,点击查看详细信息,"取消原因未知, 5天前"
查找,正在处理...,
必须去漂流,[2条]笨蛋YBY: sorry,
必须去漂流,[2条]笨蛋YBY: sorry,"App 自行取消, 5天前"
必须去漂流,笨蛋YBY: 刚才在打游戏没看到,
最最美丽可爱的老婆大人,【送礼佳选】喜纯秋梨膏润酥梨止嗓秋梨膏肺枇杷罗汉果咳教师节,
最最美丽可爱的老婆大人,【送礼佳选】喜纯秋梨膏润酥梨止嗓秋梨膏肺枇杷罗汉果咳教师节,"被其他通知服务取消, 5天前"
最最美丽可爱的老婆大人,【教师节礼物】喜纯朱颜礼盒玉灵膏官方调正品气理补西洋参血老师,
最最美丽可爱的老婆大人,【教师节礼物】喜纯朱颜礼盒玉灵膏官方调正品气理补西洋参血老师,"被其他通知服务取消, 5天前"
必须去漂流,[兔子]糖糖炖蛋[兔子]: 天天净使唤人了,
必须去漂流,[兔子]糖糖炖蛋[兔子]: 12 号看看有没有 有的话去买两个尝尝,
必须去漂流,笨蛋YBY: [动画表情],
必须去漂流,笨蛋YBY: 哈哈哈哈哈哈哈,
支付宝,杭嘉淼：我给你送了10g能量，快来收取,
支付宝,杭嘉淼：我给你送了10g能量，快来收取,"被其他通知服务取消, 5天前"
奶奶,[动画表情] 红包,
奶奶,[动画表情] 红包,"因用户点击而取消, 5天前"
最最美丽可爱的老婆大人,猪猪内裤~男士粉色内裤纯棉猛男搞怪可爱嘟嘟送男友卡通平角裤头,
最最美丽可爱的老婆大人,猪猪内裤~男士粉色内裤纯棉猛男搞怪可爱嘟嘟送男友卡通平角裤头,"被其他通知服务取消, 5天前"
奶奶,在群里说吧。,
奶奶,[视频],
最最美丽可爱的老婆大人,有棵树男士内裤青少年纯棉平角短裤爱心满印男式四角2026新款男生,
最最美丽可爱的老婆大人,有棵树男士内裤青少年纯棉平角短裤爱心满印男式四角2026新款男生,"取消原因未知, 5天前"
支付宝卡包,爆红包等2张优惠券未使用，请关注券过期时间>,
支付宝卡包,爆红包等2张优惠券未使用，请关注券过期时间>,"被其他通知服务取消, 5天前"
Xposed 模块已更新,io.github.oneverify 已更新,
特关 房东的猫,"树不擅生长吗
树只是按照自己的方式在长
我们也是

不擅生长的人啊 你看
树藏在山林之间
 ... http://m.weibo.cn/client/version
ytdttj",
minecraft吧（关注）,这样改动马会怎样 马下水时可以被玩家骑乘，并且拥有和陆地行走...,
minecraft吧（关注）,这样改动马会怎样 马下水时可以被玩家骑乘，并且拥有和陆地行走...,"取消原因未知, 5天前"
您的数据未备份,立即添加一个备份账号,
Xposed 模块尚未激活,io.github.oneverify 已安装，但尚未激活,
必须去漂流,[2条][兔子]糖糖炖蛋[兔子]: [动画表情],
必须去漂流,[兔子]糖糖炖蛋[兔子]: [链接] 霸王茶姬新品！居然是茶叶蛋,
随身wifi吧（关注）,可以，真可以 现在的商家嘴里还能有一句真话吗 真的是狗嘴里吐...,
随身wifi吧（关注）,可以，真可以 现在的商家嘴里还能有一句真话吗 真的是狗嘴里吐...,"被其他通知服务取消, 5天前"
糖糖兔大王 私信你,给你分享了[笔记],
糖糖兔大王 私信你,给你分享了[笔记],"因用户点击全部消除而取消, 5天前"
必须去漂流,[兔子]糖糖炖蛋[兔子]: [动画表情],
必须去漂流,笨蛋YBY: [动画表情],
必须去漂流,笨蛋YBY: 你们可以双排,
必须去漂流,笨蛋YBY: 刚好已经在和同学打了[大哭],
查找,正在处理...,
必须去漂流,[兔子]糖糖炖蛋[兔子]: [动画表情] 看你,
必须去漂流,[兔子]糖糖炖蛋[兔子]: 有人一起在峡谷坐牢吗,
打开浏览器,查看https://github.com/libxposed/api,
打开浏览器,查看https://github.com/libxposed/api/pull/62,
AI录音纪要,AI录音纪要,
爆款上架:,四川联通专属卡29元280G、四川省内联通卡39元550G、联通飞雀卡发全国,
爆款上架:,四川联通专属卡29元280G、四川省内联通卡39元550G、联通飞雀卡发全国,"因用户滑动消除而取消, 5天前"
CameraNotification,,
minecraft吧（关注）,征求一点有关mc同人创作宣传的建议（）,
minecraft吧（关注）,征求一点有关mc同人创作宣传的建议（）,"取消原因未知, 5天前"
付骢,私信了你: [分享视频],
付骢,私信了你: [分享视频],"被其他通知服务取消, 5天前"
马克马克马克 私信你,红烧肉优惠我真绷不住了,
马克马克马克 私信你,红烧肉优惠我真绷不住了,"因通知摘要被取消而取消, 5天前"
马克马克马克 私信你,给你分享了[笔记],
马克马克马克 私信你,给你分享了[笔记],"因通知摘要被取消而取消, 5天前"
马克马克马克 私信你,第三个就大吵特吵了,
马克马克马克 私信你,第三个就大吵特吵了,"因通知摘要被取消而取消, 5天前"
马克马克马克 私信你,给你分享了[笔记],
马克马克马克 私信你,给你分享了[笔记],"因通知摘要被取消而取消, 5天前"
马克马克马克 私信你,果然前两个很理性,
马克马克马克 私信你,果然前两个很理性,"因通知摘要被取消而取消, 5天前"
查找,正在处理...,
已安装 FreeMoe 3.9.7.3,"耗时:0m0s416ms,点按启动应用。",
已安装 FreeMoe 3.9.7.3,"耗时:0m0s416ms,点按启动应用。","因用户滑动消除而取消, 5天前"
Xposed 模块尚未激活,me.feimeng.vip 已安装，但尚未激活,
Xposed 模块尚未激活,me.feimeng.vip 已安装，但尚未激活,"因用户滑动消除而取消, 5天前"
FreeMoe_3.9.7.3.apk,下载完成 • 6.61 MB,
FreeMoe_3.9.7.3.apk,下载完成 • 6.61 MB,"App 自行取消, 5天前"
FreeMoe_3.9.7.3.apk,"已下载 3.56 MB，共 6.61 MB
还剩 1 秒",
FreeMoe_3.9.7.3.apk,正在等待连接到网络…,
FreeMoe_3.9.7.3.apk,"已下载 3.56 MB，共 6.61 MB
还剩 1 秒",
FreeMoe_3.9.7.3.apk,"已下载 228.66 KB，共 6.61 MB
还剩 27 秒",
FreeMoe_3.9.7.3.apk,已下载 0.00 KB，共 6.61 MB,
2027款宝马X3正式上市：起售价为31.8万元,懂车帝,
已安装 ViPass 1.2.0,"耗时:0m0s251ms,点按启动应用。",
已安装 ViPass 1.2.0,"耗时:0m0s251ms,点按启动应用。","因用户滑动消除而取消, 5天前"
Xposed 模块尚未激活,com.xin.vipass 已安装，但尚未激活,
Xposed 模块尚未激活,com.xin.vipass 已安装，但尚未激活,"因用户点击而取消, 5天前"
ViPass_v1.2.0_release.apk,下载完成 • 2.13 MB,
ViPass_v1.2.0_release.apk,下载完成 • 2.13 MB,"App 自行取消, 5天前"
ViPass_v1.2.0_release.apk,已下载 2.13 MB，共 2.13 MB,
ViPass_v1.2.0_release.apk,已下载 0.00 KB，共 2.13 MB,
@叶航克，你有1条新消息,Boss施女士向你发来沟通邀请，快去回复TA吧！,
@叶航克，你有1条新消息,Boss施女士向你发来沟通邀请，快去回复TA吧！,"因用户滑动消除而取消, 5天前"
余额宝,查看余额宝最新收益,
余额宝,查看余额宝最新收益,"被其他通知服务取消, 5天前"
查找,正在处理...,
作用域请求,用户 航克 叶 (0) 上的 top.hookvip.pro 请求将 [app.jjyy.passstore] 添加至其作用域。,
作用域请求,用户 航克 叶 (0) 上的 top.hookvip.pro 请求将 [app.jjyy.passstore] 添加至其作用域。,"App 自行取消, 5天前"
随身wifi吧（关注）,我在联通APP上发现,
随身wifi吧（关注）,我在联通APP上发现,"被其他通知服务取消, 5天前"
NPatch,"📹 Turns out themes can also change color based on location to achieve a very nice gradient effect. Here is my theme:
https://t.me/addtheme/CuteEvil_HS","因用户点击全部消除而取消, 5天前"
NPatch,"📹 Turns out themes can also change color based on location to achieve a very nice gradient effect. Here is my theme:
https://t.me/addtheme/CuteEvil_HS",
HookVip,"🖼 🌟全球100+个稳定节点，多端同时在线，订阅一键导入
🔥高速安全访问全球网络，无论身在何方，都像在家上网
🥉支持Windows/Android/Mac所有设备使用
🏅国际高速专线节点，采用优质线路，高清秒开
🎖最高5Gbps传输速度，无限速，无广告，无限流量
🎗专业加密隧道，保护用户隐私，安全可靠
🏵顶级实力团队，自研APP，长期稳定运营有保障
✅支持支付宝/微信支付/USDT支付，便捷高效
🏅牢记永久官网：
❄️免费试用➡️  https://jl.vpnvpn.com
❄️免费试用➡️  https://jl.vpnvpn.com
❄️免费试用➡️  https://jl.vpnvpn.com

❄️飞鸟VPN加速器TG官方客服 @feiniaojsbot
❄️飞鸟VPN加速器TG官方客服 @fnotoy

#AD #广告 #推广",
LSPosed,"Due to the increasing prevalence of AI and the accelerated submission of new modules, we plan to upgrade our module repository to an automated approval mode.
Following the approach of the Maven Central Repository, submitters will need to prove they control the domain name to which the module package name belongs. If there is no domain name, you can use io.github.[user name].[module name], which will automatically approve the submission. Other package names will generally not be approved.
This rule only applies to the approval of new modules and does not extend to existing modules, but we will begin checking whether the repository package name matches the released APK file.

由于AI普及，新模块提交加速，我们计划把模块仓库升级为自动审批模式。
仿照 Maven 中央仓库做法，提交者需要证明能控制模块包名所属的域名。如果没有域名，可以使用io.github.[user name].[module name]，它会自动审批通过。其它包名原则上不会被批准。
该规则仅针对新模块审批，不溯及已有模块，但我们将开始检查仓库包名与发布的apk文件不符的情况。",
HyperCeiler | Canary Test,"📎 New push to GitHub
HyperOS 3

Commits:
fix(wifi): improve null checks and error handling in WifiStandard hooks

Signed-off-by: ghhccghk <2137610394@qq.com>

Contributors: ghhccghk
Details: compare",
Telegram,14 new messages from 5 chats,
晚上好，明日天气提醒,鹿城，晴转小雨，33/23°C，空气优，西北风1级,
物流已更新，点击查看>,当前您有2个在途包裹，点击可查看详细信息 >>,
物流已更新，点击查看>,当前您有2个在途包裹，点击可查看详细信息 >>,"取消原因未知, 5天前"
One未适配当前安卓系统版本,点击查看详细信息,
有人出现,【小米智能门铃3-2204-糖糖兔大王的宫殿】,
有人出现,【小米智能门铃3-2204-糖糖兔大王的宫殿】,"因用户点击全部消除而取消, 5天前"
彭恺新,好,
One因自身问题闪退,点击查看详细信息,
您的数据未备份,立即添加一个备份账号,
查找,正在处理...,
查找,正在处理...,
查找,正在处理...,
查找,正在处理...,"App 自行取消, 5天前"
AI：Polestar 4极光白影版,前排围观,
AI：Polestar 4极光白影版,前排围观,"被其他通知服务取消, 5天前"
打开浏览器,查看http://127.0.0.1:8787/mcp,
已安装 Aether Nightly Nightly 7e7498d8b4e8,"耗时:0m0s508ms,点按启动应用。",
已安装 Aether Nightly Nightly 7e7498d8b4e8,"耗时:0m0s508ms,点按启动应用。","因用户滑动消除而取消, 5天前"
有人出现,【小米智能门铃3-2204-糖糖兔大王的宫殿】,
有人出现,【小米智能门铃3-2204-糖糖兔大王的宫殿】,"因通知摘要被取消而取消, 5天前"
有人出现,【小米智能门铃3-2204-糖糖兔大王的宫殿】,
有人出现,【小米智能门铃3-2204-糖糖兔大王的宫殿】,"因通知摘要被取消而取消, 5天前"
有人出现,【小米智能门铃3-2204-糖糖兔大王的宫殿】,
有人出现,【小米智能门铃3-2204-糖糖兔大王的宫殿】,"因通知摘要被取消而取消, 5天前"
有人出现,【小米智能门铃3-2204-糖糖兔大王的宫殿】,
有人出现,【小米智能门铃3-2204-糖糖兔大王的宫殿】,"因通知摘要被取消而取消, 5天前"
17:54有人移动,【小米智能摄像机C700-2204-糖糖兔大王的宫殿】,
17:54有人移动,【小米智能摄像机C700-2204-糖糖兔大王的宫殿】,"因通知摘要被取消而取消, 5天前"
Vicky,[3条]Vicky: [动画表情] 哈哈哈哈,
Vicky,[2条]Vicky: 我早上八点多到的，快五点半才走,
17:44有人移动,【小米智能摄像机C700-2204-糖糖兔大王的宫殿】,
17:44有人移动,【小米智能摄像机C700-2204-糖糖兔大王的宫殿】,"因用户点击全部消除而取消, 5天前"
Vicky,现在怎么不算天天加班呢,
Vicky,[3条]Vicky: 转正了有加班的苦要吃,
Vicky,[2条]Vicky: 试用期有试用期的苦要吃,
Vicky,周三又要汇报转正ppt了,
马克马克马克 私信你,给你分享了[笔记],
马克马克马克 私信你,给你分享了[笔记],"因用户滑动消除而取消, 5天前"
17:34有人移动,【小米智能摄像机C700-2204-糖糖兔大王的宫殿】,
17:34有人移动,【小米智能摄像机C700-2204-糖糖兔大王的宫殿】,"因通知摘要被取消而取消, 5天前"
Vicky,[3条]Vicky: 我都准备天天带备用机，考个高分了,
Vicky,[2条]Vicky: [动画表情],
Vicky,76分飘过,
有人出现,【小米智能门铃3-2204-糖糖兔大王的宫殿】,
有人出现,【小米智能门铃3-2204-糖糖兔大王的宫殿】,"因通知摘要被取消而取消, 5天前"
3.0T V6+10AT是豪华SUV的底色，林肯飞行家限时入手44.48万起！,等你来看,
3.0T V6+10AT是豪华SUV的底色，林肯飞行家限时入手44.48万起！,等你来看,"取消原因未知, 5天前"
17:23有人移动,【小米智能摄像机C700-2204-糖糖兔大王的宫殿】,
叶航克，你有1条新消息,你好，在考虑新的工作机会吗？[微笑]，要不要看看我们这边的机会呀，我们正在招聘跨境电商运营助理,
叶航克，你有1条新消息,你好，在考虑新的工作机会吗？[微笑]，要不要看看我们这边的机会呀，我们正在招聘跨境电商运营助理,"因用户滑动消除而取消, 5天前"
电影吧（关注）,《牛来》明年有望角逐「奥斯卡最佳原创剧本」！,
电影吧（关注）,《牛来》明年有望角逐「奥斯卡最佳原创剧本」！,"取消原因未知, 5天前"
叶航克，你有1条新消息,不内卷不内耗！年轻团队氛围超舒服～公司提供精准物流老板资源，有人带有人教，底薪 6000 + 提成上不封顶，法定节假日带薪休，想...,
叶航克，你有1条新消息,不内卷不内耗！年轻团队氛围超舒服～公司提供精准物流老板资源，有人带有人教，底薪 6000 + 提成上不封顶，法定节假日带薪休，想...,"取消原因未知, 5天前"
16:50有人移动,【小米智能摄像机C700-2204-糖糖兔大王的宫殿】,
16:50有人移动,【小米智能摄像机C700-2204-糖糖兔大王的宫殿】,"因用户滑动消除而取消, 5天前"
16:40有人移动,【小米智能摄像机C700-2204-糖糖兔大王的宫殿】,
16:40有人移动,【小米智能摄像机C700-2204-糖糖兔大王的宫殿】,"因用户点击全部消除而取消, 5天前"
签收人：品味超棒的@你,这是为你量身定做的歌单哦～,
签收人：品味超棒的@你,这是为你量身定做的歌单哦～,"被其他通知服务取消, 5天前"
16:30有人移动,【小米智能摄像机C700-2204-糖糖兔大王的宫殿】,
16:30有人移动,【小米智能摄像机C700-2204-糖糖兔大王的宫殿】,"因用户点击全部消除而取消, 5天前"
花呗账单助手,你的账单进度已达本月理想账单金额的132%，接下来要控制了哦~查看详情>【订阅】,
花呗账单助手,你的账单进度已达本月理想账单金额的132%，接下来要控制了哦~查看详情>【订阅】,"因用户点击全部消除而取消, 5天前"
宝马X3价格大跳水！值不值得买？宝马X3优缺点大吐槽,懂车帝,
16:20有人移动,【小米智能摄像机C700-2204-糖糖兔大王的宫殿】,
16:20有人移动,【小米智能摄像机C700-2204-糖糖兔大王的宫殿】,"因用户点击全部消除而取消, 5天前"
@lil ammity ,赞了你的评论,
@lil ammity ,赞了你的评论,"因用户点击全部消除而取消, 5天前"
可恶，藏不住了,@你，快来一键开启歌单宝箱>>,
可恶，藏不住了,@你，快来一键开启歌单宝箱>>,"被其他通知服务取消, 5天前"
电影吧（关注）,成龙、周星驰那代人的时代红利，是不是再也复制不出来了？,
电影吧（关注）,成龙、周星驰那代人的时代红利，是不是再也复制不出来了？,"被其他通知服务取消, 5天前"
16:10有人移动,【小米智能摄像机C700-2204-糖糖兔大王的宫殿】,
16:10有人移动,【小米智能摄像机C700-2204-糖糖兔大王的宫殿】,"因用户点击全部消除而取消, 5天前"
小米秋季旗舰新品发布会,直播预约入口>>,
忙里偷闲的生活碎片，想邀你看看,「订阅故事已送达」关于2019年的今天>>,
16:00有人移动,【小米智能摄像机C700-2204-糖糖兔大王的宫殿】,
[猪][马][猴子][鸡],妈: [表情],
[猪][马][猴子][鸡],笨蛋YBY: 有,
爸,330324195703060226,
爸,等我找找,
爸,"[语音] 3""",
[猪][马][猴子][鸡],爸: 明天晚上青青吃晚饭，都有空吗,
爸,白内障,
15:50有人移动,【小米智能摄像机C700-2204-糖糖兔大王的宫殿】,
15:50有人移动,【小米智能摄像机C700-2204-糖糖兔大王的宫殿】,"因用户点击全部消除而取消, 5天前"
[心] 幸福一家人[心],爸: 眼视光医院，徐栩：主任医生，办奶奶挂号@叶航克 ,
[心] 幸福一家人[心],爸: 眼视光医院，徐栩：主任医生，办奶奶挂号@叶航克 ,"因用户点击而取消, 5天前"
15:40有人移动,【小米智能摄像机C700-2204-糖糖兔大王的宫殿】,
15:40有人移动,【小米智能摄像机C700-2204-糖糖兔大王的宫殿】,"因用户点击全部消除而取消, 5天前"
飞书,大主理人: 小结： 今日市场涨跌基本持平（17涨17跌），平均日涨幅+0.08%，市场处于震荡分化格局。领涨： 传媒+3.27%、消费+2...,
飞书,大主理人: 小结： 今日市场涨跌基本持平（17涨17跌），平均日涨幅+0.08%，市场处于震荡分化格局。领涨： 传媒+3.27%、消费+2...,"因通知摘要被取消而取消, 5天前"
飞书,大主理人: 低收益区（合计回报率 0%~30%）1. 012537 华宝化工 — 净值 0.7964 | 日 -0.98% | ⭐ +4...,
飞书,大主理人: 低收益区（合计回报率 0%~30%）1. 012537 华宝化工 — 净值 0.7964 | 日 -0.98% | ⭐ +4...,"因通知摘要被取消而取消, 5天前"
飞书,"大主理人: 📊 基金查询结果（按合计回报率从低到高排序）
📅 2026-09-07亏损区（合计回报率为负）1. 004856...",
飞书,"大主理人: 📊 基金查询结果（按合计回报率从低到高排序）
📅 2026-09-07亏损区（合计回报率为负）1. 004856...","因用户滑动消除而取消, 5天前"
叶航克，你有1条新消息,请问在考虑新的工作机会吗？,
叶航克，你有1条新消息,请问在考虑新的工作机会吗？,"因用户滑动消除而取消, 5天前"
方盒子亦从容 北京现代第五代胜达颠覆认知,等你来看,
方盒子亦从容 北京现代第五代胜达颠覆认知,等你来看,"被其他通知服务取消, 5天前"
付骢 [朋友],推荐了视频：你几兄弟配合打得还可...,
网易云音乐Android内测,"[@全体成员]Naga: 就是长期别扭，用着不爽的 @全体成员 
我自己提一个大家参考（比如点击歌曲列表的点点点菜单按钮，弹出的弹窗里的选项总是要跳一下）",
14:30有人移动,【小米智能摄像机C700-2204-糖糖兔大王的宫殿】,
14:30有人移动,【小米智能摄像机C700-2204-糖糖兔大王的宫殿】,"因用户滑动消除而取消, 5天前"
叶航克，你有1条新消息,你好，打扰了，我们正在诚聘外贸业务助理岗位，认真看了你的在线简历，觉得很符合我们的要求，希望进一步相互了解一下。要是你也感兴趣，...,
叶航克，你有1条新消息,你好，打扰了，我们正在诚聘外贸业务助理岗位，认真看了你的在线简历，觉得很符合我们的要求，希望进一步相互了解一下。要是你也感兴趣，...,"因用户点击全部消除而取消, 5天前"
14:20有人移动,【小米智能摄像机C700-2204-糖糖兔大王的宫殿】,
14:20有人移动,【小米智能摄像机C700-2204-糖糖兔大王的宫殿】,"因用户滑动消除而取消, 5天前"
随身wifi吧（关注）,求推荐移动wifi 本人工作，宿舍里面没网，想求一个移动wi...,
随身wifi吧（关注）,求推荐移动wifi 本人工作，宿舍里面没网，想求一个移动wi...,"取消原因未知, 5天前"
火山引擎,【火山引擎】到期预警，您（昵称:0909手机用户#KZGaDx，账号ID：2104320148）的对象存储-资源包等资源共3个，将于7天后，2026-09-14到期，到期后将不可继续抵扣按量付费资源。如您仍需使用，请及时续费或重新购买。如果您已设置自动续费，请保持账户余额充足以免扣费失败。具体资源信息可查看 https://console.volcengine.com/finance/instance-manage?AlertDay=7&AlertStatus=ToBeExpire,
火山引擎,【火山引擎】到期预警，您（昵称:0909手机用户#KZGaDx，账号ID：2104320148）的对象存储-资源包等资源共3个，将于7天后，2026-09-14到期，到期后将不可继续抵扣按量付费资源。如您仍需使用，请及时续费或重新购买。如果您已设置自动续费，请保持账户余额充足以免扣费失败。具体资源信息可查看 https://console.volcengine.com/finance/instance-manage?AlertDay=7&AlertStatus=ToBeExpire,"因用户点击而取消, 5天前"
♡回忆杀速递♡,@你，不体验一下太可惜了吧~,
♡回忆杀速递♡,@你，不体验一下太可惜了吧~,"被其他通知服务取消, 5天前"
打开浏览器,查看https://s2.trojanflare.one/clashx/01955767-75a0-4b9c-9da3-8bc65e7d589f,
糖糖包老婆🥰🥰,私信了你: 分享[评论],"被其他通知服务取消, 5天前"
叶航克，你有1条新消息,您好，公司主要帮助国内企业客户在海外平台投流，岗位负责电话邀约和面授。 8：30-12：00，13：30-17：30 单双休 无...,
叶航克，你有1条新消息,您好，公司主要帮助国内企业客户在海外平台投流，岗位负责电话邀约和面授。 8：30-12：00，13：30-17：30 单双休 无...,"因用户点击全部消除而取消, 5天前"
糖糖包老婆🥰🥰,私信了你: [分享视频],"被其他通知服务取消, 5天前"
爸,[文件] AC8888库存表2026年9月4日.xlsx,
飞书,"大主理人: ━━━━━━━━━━━━━━━━
🚗 新能源汽车新闻
━━━━━━━━━━━━━━━━1. 小米汽车累计交付突破80万辆，Sky...",
飞书,"大主理人: ━━━━━━━━━━━━━━━━
🚗 新能源汽车新闻
━━━━━━━━━━━━━━━━1. 小米汽车累计交付突破80万辆，Sky...","因用户点击全部消除而取消, 5天前"
飞书,"大主理人: ━━━━━━━━━━━━━━━━
💻 AI & 大模型新闻
━━━━━━━━━━━━━━━━1. AI, Tools and...",
飞书,"大主理人: ━━━━━━━━━━━━━━━━
💻 AI & 大模型新闻
━━━━━━━━━━━━━━━━1. AI, Tools and...","因用户点击全部消除而取消, 5天前"
飞书,"大主理人: 📰 每日新闻摘要 (2026-09-07 13:30)━━━━━━━━━━━━━━━━
🌍 时事新闻...",
飞书,"大主理人: 📰 每日新闻摘要 (2026-09-07 13:30)━━━━━━━━━━━━━━━━
🌍 时事新闻...","因用户点击全部消除而取消, 5天前"
糖糖包老婆🥰🥰,私信了你: [分享图文],
糖糖包老婆🥰🥰,私信了你: [分享图文],"被其他通知服务取消, 5天前"
糖糖包老婆🥰🥰,私信了你: 分享[图文],
糖糖包老婆🥰🥰,私信了你: 分享[图文],"取消原因未知, 5天前"
奥迪扛不住了！E5 Sportback价格大跳水，800V+quattro，诚意够不,懂车帝,
创建英雄联盟符文Mod方案,两份文档已更新完成。 ## [Mod制作指南.md](file:///d:/TraeProjects,
创建英雄联盟符文Mod方案,两份文档已更新完成。 ## [Mod制作指南.md](file:///d:/TraeProjects,"因用户滑动消除而取消, 5天前"
爸,http://139.196.123.227:90/,
创建英雄联盟符文Mod方案,0.2.1 修复完成，构建成功。 ## 修复内容 **1. 返现逻辑修正**（[Inspiratio,
创建英雄联盟符文Mod方案,0.2.1 修复完成，构建成功。 ## 修复内容 **1. 返现逻辑修正**（[Inspiratio,"因通知摘要被取消而取消, 5天前"
13:21有人移动,【小米智能摄像机C700-2204-糖糖兔大王的宫殿】,
13:21有人移动,【小米智能摄像机C700-2204-糖糖兔大王的宫殿】,"因通知摘要被取消而取消, 5天前"
创建英雄联盟符文Mod方案,0.2.1 修复完成，构建成功。 ## 修复内容 **1. 返现逻辑修正**（[Inspiratio,
创建英雄联盟符文Mod方案,0.2.1 修复完成，构建成功。 ## 修复内容 **1. 返现逻辑修正**（[Inspiratio,"因通知摘要被取消而取消, 5天前"
大额周转最高100万！,有车即可申请，钱拿走，车照开，无GPS，持牌机构专业服务>>,
糖糖包老婆🥰🥰,私信了你: [分享图文],"被其他通知服务取消, 5天前"
糖糖包老婆🥰🥰,私信了你: [分享视频],"被其他通知服务取消, 5天前"
糖糖包老婆🥰🥰,私信了你: 分享[评论],"被其他通知服务取消, 5天前"
糖糖包老婆🥰🥰,私信了你: 哈哈哈哈哈,"被其他通知服务取消, 5天前"
糖糖包老婆🥰🥰,私信了你: [发呆],"被其他通知服务取消, 5天前"
糖糖包老婆🥰🥰,私信了你: 哈哈哈哈哈,"被其他通知服务取消, 5天前"
糖糖包老婆🥰🥰,私信了你: 素糖糖炖蛋 jiji 米嘟,"被其他通知服务取消, 5天前"
糖糖包老婆🥰🥰,私信了你: 哈哈哈哈哈,"被其他通知服务取消, 5天前"
糖糖包老婆🥰🥰,私信了你: 爽！,"被其他通知服务取消, 5天前"
糖糖包老婆🥰🥰,私信了你: 哈哈哈哈,"被其他通知服务取消, 5天前"
糖糖包老婆🥰🥰,私信了你: 哈哈哈哈,"被其他通知服务取消, 5天前"
糖糖包老婆🥰🥰,私信了你: 粗发,
糖糖包老婆🥰🥰,私信了你: 粗发,"取消原因未知, 5天前"
糖糖包老婆🥰🥰,私信了你: 腮帮子都得大好几圈,"被其他通知服务取消, 5天前"
糖糖包老婆🥰🥰,私信了你: 速来,"被其他通知服务取消, 5天前"
糖糖包老婆🥰🥰,私信了你: 米有了,"被其他通知服务取消, 5天前"
糖糖包老婆🥰🥰,私信了你: zhunzhui 了,
糖糖包老婆🥰🥰,私信了你: zhunzhui 了,"被其他通知服务取消, 5天前"
糖糖包老婆🥰🥰,私信了你: 买这车会考虑加不起油吗,"被其他通知服务取消, 5天前"
糖糖包老婆🥰🥰,私信了你: 米戳,
糖糖包老婆🥰🥰,私信了你: 米戳,"取消原因未知, 5天前"
糖糖包老婆🥰🥰,私信了你: 买一个,
糖糖包老婆🥰🥰,私信了你: 买一个,"被其他通知服务取消, 5天前"
查找,正在处理...,"App 自行取消, 5天前"
糖糖包老婆🥰🥰,私信了你: [发怒],
糖糖包老婆🥰🥰,私信了你: [发怒],"取消原因未知, 5天前"
温度过高，无线充电已停止,待手机冷却后，系统会再次开启无线充电,
温度过高，无线充电已停止,待手机冷却后，系统会再次开启无线充电,"App 自行取消, 5天前"
随身wifi吧（关注）,设备和卡推荐 之前啊没有流量卡的使用需求所以没办 如今有了这...,
随身wifi吧（关注）,设备和卡推荐 之前啊没有流量卡的使用需求所以没办 如今有了这...,"取消原因未知, 5天前"
糖糖包老婆🥰🥰,私信了你: [分享视频],
糖糖包老婆🥰🥰,私信了你: [分享视频],"取消原因未知, 5天前"
应用商店正在检查应用更新,,"App 自行取消, 5天前"
应用商店正在检查应用更新,,
糖糖包老婆🥰🥰,私信了你: [分享视频],
糖糖包老婆🥰🥰,私信了你: [分享视频],"被其他通知服务取消, 5天前"
13:04有人移动,【小米智能摄像机C700-2204-糖糖兔大王的宫殿】,
13:04有人移动,【小米智能摄像机C700-2204-糖糖兔大王的宫殿】,"因通知摘要被取消而取消, 5天前"
清風伴华裳 私信了你,求f32pro备份,
正在使用妙享桌面,REDMI K90 Ultra,
正在使用妙享桌面,REDMI K90 Ultra,"App 自行取消, 5天前"
已解锁手机,REDMI K90 Ultra,
正在使用妙享桌面,REDMI K90 Ultra,
“设备互联”正在运行,点按即可了解详情或停止应用。,"App 自行取消, 5天前"
中国农业银行,K宝证书更新及补办，手机银行点这里,
马克马克马克 私信你,给你分享了[评论],
马克马克马克 私信你,给你分享了[评论],"因用户滑动消除而取消, 5天前"
来份11.9元麦辣鸡腿堡么🤩,午餐不纠结，11.9元麦辣鸡腿堡拯救你！独特辣味超过瘾，就在麦麦省>>>,
来份11.9元麦辣鸡腿堡么🤩,午餐不纠结，11.9元麦辣鸡腿堡拯救你！独特辣味超过瘾，就在麦麦省>>>,"取消原因未知, 5天前"
好物抢购提醒,您的专属福利派送，请注意...,
好物抢购提醒,您的专属福利派送，请注意...,"取消原因未知, 5天前"
必须去漂流,笨蛋YBY: [动画表情],
同样高端旗舰，X500系列来了！,0元预约赢新机>,
同样高端旗舰，X500系列来了！,0元预约赢新机>,"被其他通知服务取消, 5天前"
马克马克马克 私信你,给你分享了[评论],
马克马克马克 私信你,给你分享了[评论],"因用户点击全部消除而取消, 5天前"
12:40有人移动,【小米智能摄像机C700-2204-糖糖兔大王的宫殿】,
12:40有人移动,【小米智能摄像机C700-2204-糖糖兔大王的宫殿】,"因用户点击全部消除而取消, 5天前"
HyperOS版本更新动态,立即查看>>,
12:30有人移动,【小米智能摄像机C700-2204-糖糖兔大王的宫殿】,
12:30有人移动,【小米智能摄像机C700-2204-糖糖兔大王的宫殿】,"因用户点击全部消除而取消, 5天前"
纯电续航1008km，比亚迪又造了台掀桌子的车？实拍比亚迪大汉,等你来看,
必须去漂流,[兔子]糖糖炖蛋[兔子]: [图片],
有人出现,【小米智能门铃3-2204-糖糖兔大王的宫殿】,
有人出现,【小米智能门铃3-2204-糖糖兔大王的宫殿】,"因用户滑动消除而取消, 5天前"
有人出现,【小米智能门铃3-2204-糖糖兔大王的宫殿】,
有人出现,【小米智能门铃3-2204-糖糖兔大王的宫殿】,"因用户点击全部消除而取消, 5天前"
工银信使,有机会抽至高8.8元刷卡金！,
工银信使,有机会抽至高8.8元刷卡金！,"取消原因未知, 5天前"
账单随时看！,添加钱包AI记账小部件，自动同步消费账单，钱花在哪一眼看清，存钱变简单～,
叶林杰,已经莫得了呜呜呜,
叶林杰,已经莫得了呜呜呜,"App 自行取消, 5天前"
月光族救星！,钱包新上 AI 记账，自动分类支出 + 超支预警，钱花在哪一眼看清，存钱变简单～,
【#小米秋季旗舰新品发布会#预约咨询抽好礼】,看小米秋季旗舰新品发布会，预约咨询可参与Xiaomi Pad 8 Pro、神秘好礼抽奖，戳我去报名>>,
UniversalClipboardService,,
应用接力服务,服务正在运行,
づ♡ど 拍了拍你,并为你点亮 心动频率>,
づ♡ど 拍了拍你,并为你点亮 心动频率>,"被其他通知服务取消, 5天前"
@数码闲聊站,Find X10 PM镜头轮廓图已经有了，潜望镜从通光孔径判...详情>>,
@数码闲聊站,Find X10 PM镜头轮廓图已经有了，潜望镜从通光孔径判...详情>>,"取消原因未知, 5天前"
工银信使,跟团/自驾出游，有机会至高立省700元！,
工银信使,跟团/自驾出游，有机会至高立省700元！,"取消原因未知, 5天前"
づ♡ど 拍了拍你,并为你点亮 心动频率>,
づ♡ど 拍了拍你,并为你点亮 心动频率>,"取消原因未知, 5天前"
电影吧（关注）,杀死比尔全传 四个半小时电影尝尝咸淡😁 依旧暴力美学，刘玉玲...,
电影吧（关注）,杀死比尔全传 四个半小时电影尝尝咸淡😁 依旧暴力美学，刘玉玲...,"取消原因未知, 5天前"
豆包热点速递,资讯：交通运输部回应网友建议称不会取消 ETC,
豆包热点速递,资讯：交通运输部回应网友建议称不会取消 ETC,"被其他通知服务取消, 5天前"
有道云笔记会员买2年送1年,有道云笔记开学季限时特惠！低价速抢3年会员权益！立即抢购>>,
有道云笔记会员买2年送1年,有道云笔记开学季限时特惠！低价速抢3年会员权益！立即抢购>>,"被其他通知服务取消, 5天前"
QQ邮箱提醒,CSDN: [CSDN]登录行为报告 ,
通知,2026-09-07 11:00:00 收到提醒，领至高满15减15外卖红包，还能返现金>>>,
已到账,2026-09-07：您的账户入账1笔惊喜补贴，将于23:59过期，可低价购买您感兴趣的...,
已到账,2026-09-07：您的账户入账1笔惊喜补贴，将于23:59过期，可低价购买您感兴趣的...,"取消原因未知, 5天前"
东南亚超值季倒计时⏰快抓紧！,美味在等你~泰式炭烤猪猪堡、马来咖喱薄皮肉骨鸡、新加坡蟹酱海鲜堡，14.9元起品味新马泰,
东南亚超值季倒计时⏰快抓紧！,美味在等你~泰式炭烤猪猪堡、马来咖喱薄皮肉骨鸡、新加坡蟹酱海鲜堡，14.9元起品味新马泰,"取消原因未知, 5天前"
彭恺新,[3条]彭恺新: 炒,
彭恺新,[2条]彭恺新: [图片],
彭恺新,错过了,
【限时】T+0交易可开通,已赠送您T+0交易权限，赚了就跑，无惧被套！3分钟免费开通>>,
【限时】T+0交易可开通,已赠送您T+0交易权限，赚了就跑，无惧被套！3分钟免费开通>>,"被其他通知服务取消, 5天前"
签收通知,重要！别人给您买的包裹已签收，立即查看详情>>,
签收通知,重要！别人给您买的包裹已签收，立即查看详情>>,"因通知摘要被取消而取消, 5天前"
售价14.38万，2025款ZEEKR 007即可开走！超200人浏览，手慢无>>,发现一辆ZEEKR 007，已有超200人浏览！,"被其他通知服务取消, 5天前"
「菜鸟」物流服务通知,您的菜鸟速递包裹已被签收，点击查看签收详情>>,
「菜鸟」物流服务通知,您的菜鸟速递包裹已被签收，点击查看签收详情>>,"因通知摘要被取消而取消, 5天前"
古茗茶饮点单,[2条]古茗茶饮点单: 优惠券过期提醒,
电影吧（关注）,为什么每个平行宇宙的梅姨都会牺牲,
电影吧（关注）,为什么每个平行宇宙的梅姨都会牺牲,"取消原因未知, 5天前"
叶航克，你有1条新消息,你好，我认真看了你的简历，觉得非常适合我们这边的销售代表这个岗位，希望能和你进一步沟通一下，不知道你是否有兴趣,
叶航克，你有1条新消息,你好，我认真看了你的简历，觉得非常适合我们这边的销售代表这个岗位，希望能和你进一步沟通一下，不知道你是否有兴趣,"因通知摘要被取消而取消, 5天前"
👑喜单巡演上海场即将开票！,今天11点！来抢10.1-2《喜单》超强阵容，付航、教主、刘仁铖都在前滩31演艺中心❗️手慢无>>,
👑喜单巡演上海场即将开票！,今天11点！来抢10.1-2《喜单》超强阵容，付航、教主、刘仁铖都在前滩31演艺中心❗️手慢无>>,"被其他通知服务取消, 5天前"
叶航克，你有1条新消息,您好，看到您的经历和我们岗位比较匹配。我们工贸一体做扎带配线器材，产品成熟。公司实行标准双休，工作生活平衡优先。提成机制透明实在...,
叶航克，你有1条新消息,您好，看到您的经历和我们岗位比较匹配。我们工贸一体做扎带配线器材，产品成熟。公司实行标准双休，工作生活平衡优先。提成机制透明实在...,"被其他通知服务取消, 5天前"
你收到一条消息,【PLERY普锐M305可插卡随身wifi... 】,
你收到一条消息,【PLERY普锐M305可插卡随身wifi... 】,"被其他通知服务取消, 5天前"
话费账单出炉,请查收你的账单>>>,
话费账单出炉,请查收你的账单>>>,"因用户滑动消除而取消, 5天前"
我完成了评价,期待你的评价,
我完成了评价,期待你的评价,"被其他通知服务取消, 5天前"
10:30即将响铃,闹钟,
工银信使,清秋煮茶 露凝浅岸,
工银信使,清秋煮茶 露凝浅岸,"被其他通知服务取消, 5天前"
叶航克，你有1条新消息,你好，我司急聘外贸销售一职，请问考虑么？,
叶航克，你有1条新消息,你好，我司急聘外贸销售一职，请问考虑么？,"因通知摘要被取消而取消, 5天前"
09:45即将响铃,闹钟,
,,
腾讯健康,经期复查提醒,
🪞 照镜子总比照片里好看？,哪个才是真正的自己,
YOYO联名周边上新！,买指定套餐，得联名贴纸/吧唧/徽章/冰箱贴,
YOYO联名周边上新！,买指定套餐，得联名贴纸/吧唧/徽章/冰箱贴,"被其他通知服务取消, 5天前"
招商银行,【出行福利】购票优惠2~299元！,
招商银行,【出行福利】购票优惠2~299元！,"被其他通知服务取消, 5天前"
嵊州市今日天气[2026-9-7],"【防晒提醒】嵊州市今日晴天21～29度,紫外线辐射极强，建议涂擦SPF20以上、PA++的防晒护肤品，尽量避免暴露于日光下。详情>>",
嵊州市今日天气[2026-9-7],"【防晒提醒】嵊州市今日晴天21～29度,紫外线辐射极强，建议涂擦SPF20以上、PA++的防晒护肤品，尽量避免暴露于日光下。详情>>","取消原因未知, 5天前"
降温10℃！暴雨、大风、洪水来袭！,受冷空气影响，7省份先后有小到中雨，局地大到暴雨，西北、华北、东北等地局地降温8~10℃>>,
降温10℃！暴雨、大风、洪水来袭！,受冷空气影响，7省份先后有小到中雨，局地大到暴雨，西北、华北、东北等地局地降温8~10℃>>,"被其他通知服务取消, 5天前"
有人出现,【小米智能门铃3-2204-糖糖兔大王的宫殿】,
有人出现,【小米智能门铃3-2204-糖糖兔大王的宫殿】,"因通知摘要被取消而取消, 5天前"
叶航克，你有1条新消息,你好，我司急聘海外销售工程师一职，请问考虑么？,
叶航克，你有1条新消息,你好，我司急聘海外销售工程师一职，请问考虑么？,"因通知摘要被取消而取消, 5天前"
09:30即将响铃,闹钟,
有人出现,【小米智能门铃3-2204-糖糖兔大王的宫殿】,
有人出现,【小米智能门铃3-2204-糖糖兔大王的宫殿】,"因通知摘要被取消而取消, 5天前"
嘿，@ytdttj,还记得第一次听《九万字》的那天吗>>,
嘿，@ytdttj,还记得第一次听《九万字》的那天吗>>,"被其他通知服务取消, 5天前"
今天是白露,清风至，白露生。,
今天是白露,清风至，白露生。,"因用户滑动消除而取消, 5天前"
派送通知,🔵快递员发来一条派送提醒>>,
派送通知,🔵快递员发来一条派送提醒>>,"因通知摘要被取消而取消, 5天前"
「菜鸟」物流服务通知,您有一个菜鸟速递包裹已经开始派送，点击查看详情>>,
「菜鸟」物流服务通知,您有一个菜鸟速递包裹已经开始派送，点击查看详情>>,"因通知摘要被取消而取消, 5天前"
minecraft吧（关注）,感觉没有多少冒险包能满足我的要求,
minecraft吧（关注）,感觉没有多少冒险包能满足我的要求,"取消原因未知, 5天前"
夜间物流更新🚚,您的快递连夜更新，里面有亲友帮你买的包裹哦，点此查看>>,
宝马X5再次迎来史诗级下跌！值不值得买？宝马X5优缺点大吐槽,懂车帝,
宝马X5再次迎来史诗级下跌！值不值得买？宝马X5优缺点大吐槽,懂车帝,"被其他通知服务取消, 5天前"
老婆验孕,9月7日,
老婆验孕,9月7日,"因用户滑动消除而取消, 5天前"
飞书,"大主理人: ☀️ 早安！2026-09-07 周一（单周第37周）📅 今日上班，注意通勤安全！🌤️ 温州今日天气
天气: 晴
温度:...",
飞书,"大主理人: ☀️ 早安！2026-09-07 周一（单周第37周）📅 今日上班，注意通勤安全！🌤️ 温州今日天气
天气: 晴
温度:...","因用户滑动消除而取消, 5天前"
"每日早间通勤助手任务：
1. 获取今天是星期几（用 cli","早安，今天是星期一，工作日。 温州市鹿城区今日天气： <card url=""tool://weather.js"">
{""type"":""main"",""location"":""鹿城"",""temperat",
想换电车的朋友开了一回极氪007GT，没想到体验下来有这么多感概,等你来看,
想换电车的朋友开了一回极氪007GT，没想到体验下来有这么多感概,等你来看,"被其他通知服务取消, 5天前"
电影吧（关注）,寻找黎姿和陈小春合作的一部电影，不是古惑仔,
电影吧（关注）,寻找黎姿和陈小春合作的一部电影，不是古惑仔,"取消原因未知, 5天前"
早上好，今日天气提醒,鹿城，晴，34/22°C，空气优，西北风1级,
王钧博,私信了你: [分享视频],
王钧博,私信了你: [分享视频],"取消原因未知, 5天前"
minecraft吧（关注）,个人不太喜欢一些整合包“取消食物回血、必须药品回血”这个魔改...,
minecraft吧（关注）,个人不太喜欢一些整合包“取消食物回血、必须药品回血”这个魔改...,"取消原因未知, 5天前"
手电筒,使用中,"App 自行取消, 6天前"
OpenClaw,[图片],
应用商店正在检查应用更新,,
应用商店正在检查应用更新,,"App 自行取消, 6天前"
新邮件：Spotify,Update to the Spotify Terms of Use,
新邮件：Spotify,Update to the Spotify Terms of Use,"因用户点击全部消除而取消, 6天前"
糖糖包老婆🥰🥰,提醒你早点睡,
糖糖包老婆🥰🥰,提醒你早点睡,"因用户点击全部消除而取消, 6天前"
minecraft吧（关注）,圈内对离线版怎么看的？是盗版吗？,
minecraft吧（关注）,圈内对离线版怎么看的？是盗版吗？,"取消原因未知, 6天前"
minecraft吧（关注）,如果这样加强铁傀儡会怎么样,
minecraft吧（关注）,如果这样加强铁傀儡会怎么样,"取消原因未知, 6天前"
叶航克，你有1条新消息,中国第一AI Saas港股上市公司🎊🍾🍾转正无责6800+高提成9-29%，tob端销售岗位，综合12k+主管一对一带教，...,
叶航克，你有1条新消息,中国第一AI Saas港股上市公司🎊🍾🍾转正无责6800+高提成9-29%，tob端销售岗位，综合12k+主管一对一带教，...,"取消原因未知, 6天前"
有人出现,【小米智能门铃3-2204-糖糖兔大王的宫殿】,
有人出现,【小米智能门铃3-2204-糖糖兔大王的宫殿】,"因用户滑动消除而取消, 6天前"
有奖互动 | 新学期桌面布置大赏,点击参与，晒出你的专属桌搭>>,
付骢,向你问候晚上好,
付骢,向你问候晚上好,"被其他通知服务取消, 6天前"
有人出现,【小米智能门铃3-2204-糖糖兔大王的宫殿】,
有人出现,【小米智能门铃3-2204-糖糖兔大王的宫殿】,"因用户滑动消除而取消, 6天前"
[猪][马][猴子][鸡],[5条]笨蛋YBY: 有点饱,
[猪][马][猴子][鸡],[4条]爸: 要不要,
叶航克，你有1条新消息,看您没回复我，是对岗位有什么顾虑吗？有啥想法您直接跟我说就行，我们是做平台招聘的，给咱们推荐的岗位都承诺薪资和工作真实，解决您求...,
叶航克，你有1条新消息,看您没回复我，是对岗位有什么顾虑吗？有啥想法您直接跟我说就行，我们是做平台招聘的，给咱们推荐的岗位都承诺薪资和工作真实，解决您求...,"因用户点击全部消除而取消, 6天前"
[猪][马][猴子][鸡],[3条]爸: 牛排分你点@梁山流浪女 ,
[猪][马][猴子][鸡],[3条]爸: 宵夜,
【9月6日套餐使用情况】,便民服务，一键查询套餐余量及账户消费情况>>,
【9月6日套餐使用情况】,便民服务，一键查询套餐余量及账户消费情况>>,"被其他通知服务取消, 6天前"
随身wifi吧（关注）,cpe设备卡 有哪种好用的设备卡，天际通卡用的太贵了,
随身wifi吧（关注）,cpe设备卡 有哪种好用的设备卡，天际通卡用的太贵了,"取消原因未知, 6天前"
Keep,今天的连动还未达成，最后 3 小时啦！,
已安装 逸风工具箱 1.0.5,"耗时:0m0s459ms,点按启动应用。",
已安装 逸风工具箱 1.0.5,"耗时:0m0s459ms,点按启动应用。","因用户点击全部消除而取消, 6天前"
传输完成,1个文件 | 来自ytdttj的REDMI K90 Ultra,
正在接收1个文件,4.10 MB,
1,,
叶航克，你有1条新消息,王先生:您好！我司承接了远东宏信普惠公司的业务，资金雄厚，福利待遇比较好。做的融资租赁业务都是根据国家政策来，现在招聘是客户经理的岗位，...,
叶航克，你有1条新消息,王先生:您好！我司承接了远东宏信普惠公司的业务，资金雄厚，福利待遇比较好。做的融资租赁业务都是根据国家政策来，现在招聘是客户经理的岗位，...,"因用户点击全部消除而取消, 6天前"
发现13个恶意应用,包含“JMComic3”等应用，点击处理,
财政部将发行特别国债支持8家中央金融企业补充资本,财政部将于近期发行3000亿元特别国债，支持8家中央金融企业补充核心一级资本。当日，工商银行、农业银行、进出口银行、中国信保、中国人保、中国人寿集团、中国太平、中国再保等8家中央金融企业分别发布了增资,
财政部将发行特别国债支持8家中央金融企业补充资本,财政部将于近期发行3000亿元特别国债，支持8家中央金融企业补充核心一级资本。当日，工商银行、农业银行、进出口银行、中国信保、中国人保、中国人寿集团、中国太平、中国再保等8家中央金融企业分别发布了增资,"被其他通知服务取消, 6天前"
电影吧（关注）,想问问大家长征电影观后感怎么写简洁一点,
电影吧（关注）,想问问大家长征电影观后感怎么写简洁一点,"取消原因未知, 6天前"
消息通知,你收到一条问问消息,
消息通知,你收到一条问问消息,"取消原因未知, 6天前"
有人出现,【小米智能门铃3-2204-糖糖兔大王的宫殿】,"因用户点击全部消除而取消, 6天前"
@叶航克，你有1条消息待处理,Boss郭女士给你发送了消息，快来看看！,
@叶航克，你有1条消息待处理,Boss郭女士给你发送了消息，快来看看！,"因用户点击全部消除而取消, 6天前"
晚上好，明日天气提醒,鹿城，晴，34/22°C，空气优，西北风1级,
有人出现,【小米智能门铃3-2204-糖糖兔大王的宫殿】,"因用户滑动消除而取消, 6天前"
退出快充加速,息屏后极致加速，设备温度略有升高,
包裹物流更新通知,您有圆通速递包裹已更新，点击查看>,
包裹物流更新通知,您有圆通速递包裹已更新，点击查看>,"因用户滑动消除而取消, 6天前"
叶航克，你有1条新消息,您好！我司承接远东普惠的业务招聘B 端销售客户经理，无责任底薪7-15K、六险一金、、年终奖，平均年薪25万左右，工作内容：开发...,
叶航克，你有1条新消息,您好！我司承接远东普惠的业务招聘B 端销售客户经理，无责任底薪7-15K、六险一金、、年终奖，平均年薪25万左右，工作内容：开发...,"取消原因未知, 6天前"
[猪][马][猴子][鸡],妈: 嗯,
奶奶,"[语音] 3""",
支付宝卡包,你的0.5元话费红包即将到期，点击查看详情。,
支付宝卡包,你的0.5元话费红包即将到期，点击查看详情。,"取消原因未知, 6天前"
叶航克，你有1条新消息,方便沟通下吗？看了你的简历，觉得蛮合适的。,
叶航克，你有1条新消息,方便沟通下吗？看了你的简历，觉得蛮合适的。,"因用户滑动消除而取消, 6天前"
[猪][马][猴子][鸡],爸: 空调你不要就关掉@wlm0909 ,
中国再保计划募资30亿元用于增加核心一级资本,9月6日，中国再保董事会审议通过并披露向特定对象发行内资股方案。本次发行拟由财政部以现金方式认购，计划募集资金总额30亿元人民币，在扣除相关发行费用后将全部用于增加中国再保核心一级资本，募集资金规模与,
中国再保计划募资30亿元用于增加核心一级资本,9月6日，中国再保董事会审议通过并披露向特定对象发行内资股方案。本次发行拟由财政部以现金方式认购，计划募集资金总额30亿元人民币，在扣除相关发行费用后将全部用于增加中国再保核心一级资本，募集资金规模与,"取消原因未知, 6天前"
全季嵊州剡溪酒店,请求添加你为朋友,
全季嵊州剡溪酒店,请求添加你为朋友,"因用户点击而取消, 6天前"
CameraNotification,,"取消原因未知, 6天前"
[猪][马][猴子][鸡],妈: @ytdttj 吃,
奶奶,"[2条]奶奶: [语音] 3""",
奶奶,"[语音] 6""",
叶航克，你有1条新消息,哈哈，你是不是收到太多信息啦，都回复不过来了；看到咱们还在看工作，可以回应一声哦，我这边和你说一下我们岗位呀~,
叶航克，你有1条新消息,哈哈，你是不是收到太多信息啦，都回复不过来了；看到咱们还在看工作，可以回应一声哦，我这边和你说一下我们岗位呀~,"因用户点击全部消除而取消, 6天前"
已到达目的地,行程已结束,"因 app 更新或卸载而取消, 6天前"
微信支付,已支付¥10.40,
已到达目的地,行程已结束,
正在前往目的地,预计2分钟到达目的地,
正在前往目的地,预计1分钟到达目的地,
正在前往目的地,预计2分钟到达目的地,
正在前往目的地,预计3分钟到达目的地,
正在前往目的地,预计4分钟到达目的地,
正在前往目的地,预计3分钟到达目的地,
正在前往目的地,预计4分钟到达目的地,
正在前往目的地,预计5分钟到达目的地,
正在前往目的地,预计6分钟到达目的地,
正在前往目的地,预计7分钟到达目的地,
正在前往目的地,预计8分钟到达目的地,
行程已开始,获取司机位置中,
司机已到达上车点,浙CAX2979·银,
司机预计1分钟后到达,浙CAX2979·银,
司机预计2分钟后到达,浙CAX2979·银,
司机预计3分钟后到达,浙CAX2979·银,
司机预计2分钟后到达,浙CAX2979·银,
司机预计3分钟后到达,浙CAX2979·银,
王钧博,私信了你: [分享视频],
王钧博,私信了你: [分享视频],"取消原因未知, 6天前"
司机预计4分钟后到达,浙CAX2979·银,
司机正在赶来,浙CAX2979·银,
正在呼叫,19个服务商,
查找,正在处理...,"App 自行取消, 6天前"
叶航克，你有1条新消息,公司这边是高德直招网约车司机纯上班的 一天10小时 月休四天，驾龄不满3年也可以，开车熟练就行，有案底也可以跑！底薪的话是750...,
叶航克，你有1条新消息,公司这边是高德直招网约车司机纯上班的 一天10小时 月休四天，驾龄不满3年也可以，开车熟练就行，有案底也可以跑！底薪的话是750...,"被其他通知服务取消, 6天前"
微信支付,已支付¥12.20,
已到达目的地,行程已结束,
正在前往目的地,预计1分钟到达目的地,
正在前往目的地,预计2分钟到达目的地,
糖糖炖蛋妈,让你爷爷奶奶尝一下我们的手工月饼,
糖糖炖蛋妈,让你爷爷奶奶尝一下我们的手工月饼,"App 自行取消, 6天前"
正在前往目的地,预计3分钟到达目的地,
正在前往目的地,预计4分钟到达目的地,
叶航克，你有1条新消息,你好，叶航克，看了你的经历。该岗位全职保底2500元、提成42%，兼职保底800元、提成40%，取高值不叠加；提成年日结自提，还...,
叶航克，你有1条新消息,你好，叶航克，看了你的经历。该岗位全职保底2500元、提成42%，兼职保底800元、提成40%，取高值不叠加；提成年日结自提，还...,"因用户滑动消除而取消, 6天前"
正在前往目的地,预计5分钟到达目的地,
正在前往目的地,预计4分钟到达目的地,
正在前往目的地,预计5分钟到达目的地,
糖糖炖蛋妈,[动画表情] 好的,
minecraft吧（关注）,现在怎么都这样，mc社区怎么都烂透了,
minecraft吧（关注）,现在怎么都这样，mc社区怎么都烂透了,"被其他通知服务取消, 6天前"
正在前往目的地,预计6分钟到达目的地,
正在前往目的地,预计7分钟到达目的地,
正在前往目的地,预计8分钟到达目的地,
行程已开始,获取司机位置中,
司机已到达上车点,浙CAU5320·白,
司机预计2分钟后到达,浙CAU5320·白,
司机预计1分钟后到达,浙CAU5320·白,
司机正在赶来,浙CAU5320·白,
正在呼叫,51个服务商,
【#小米秋季旗舰新品发布会#预约咨询抽好礼】,看小米秋季旗舰新品发布会，预约咨询可参与Xiaomi Pad 8 Pro、神秘好礼抽奖，戳我去报名>>,
糖糖兔大王 私信你,这怎么盘的活,
糖糖兔大王 私信你,这怎么盘的活,"因用户点击全部消除而取消, 6天前"
糖糖兔大王 私信你,五千多还五千多车贷,
糖糖兔大王 私信你,五千多还五千多车贷,"因用户点击全部消除而取消, 6天前"
糖糖兔大王 私信你,给你分享了[评论],
糖糖兔大王 私信你,给你分享了[评论],"因用户点击全部消除而取消, 6天前"
16:46有人移动,【小米智能摄像机C700-2204-糖糖兔大王的宫殿】,
16:46有人移动,【小米智能摄像机C700-2204-糖糖兔大王的宫殿】,"因用户点击全部消除而取消, 6天前"
有人出现,【小米智能门铃3-2204-糖糖兔大王的宫殿】,
有人出现,【小米智能门铃3-2204-糖糖兔大王的宫殿】,"因用户点击全部消除而取消, 6天前"
中国移动,【中国移动机伶】06日16:37为您拦截疑似骚扰电话，详情：https://dx.10086.cn/rqzjFg 回QXDXTZ退订此类短信,
试试问豆包,108 键机械键盘打游戏和打字怎么选？,
试试问豆包,108 键机械键盘打游戏和打字怎么选？,"被其他通知服务取消, 6天前"
叶航克，你有1条新消息,你好，请问近期在看新的工作机会吗？,
叶航克，你有1条新消息,你好，请问近期在看新的工作机会吗？,"因用户点击全部消除而取消, 6天前"
拍了拍@你 ☀今天好啊~,播放《每日30首》▻ı||ııı||ı,
拍了拍@你 ☀今天好啊~,播放《每日30首》▻ı||ııı||ı,"被其他通知服务取消, 6天前"
电影吧（关注）,有个关于蒙太奇的疑惑想请教大家,
电影吧（关注）,有个关于蒙太奇的疑惑想请教大家,"取消原因未知, 6天前"
您购买的宝贝即将确认收货,宝贝显示已签收，您对它还满意吗？如未收到可点击延长收货哦>>,
您购买的宝贝即将确认收货,宝贝显示已签收，您对它还满意吗？如未收到可点击延长收货哦>>,"被其他通知服务取消, 6天前"
糖糖兔大王 私信你,而且一直有收入,
糖糖兔大王 私信你,而且一直有收入,"因用户点击全部消除而取消, 6天前"
糖糖兔大王 私信你,但是赔不了,
糖糖兔大王 私信你,但是赔不了,"因用户点击全部消除而取消, 6天前"
糖糖兔大王 私信你,虽然赚的不多,
糖糖兔大王 私信你,虽然赚的不多,"因用户点击全部消除而取消, 6天前"
糖糖兔大王 私信你,做稳赚不赔的定期,
糖糖兔大王 私信你,做稳赚不赔的定期,"因用户点击全部消除而取消, 6天前"
当前WLAN无法访问互联网,点击查看详情,
当前WLAN无法访问互联网,点击查看详情,"App 自行取消, 6天前"
糖糖兔大王 私信你,我只会把钱分成很多小份,
糖糖兔大王 私信你,我只会把钱分成很多小份,"因用户点击全部消除而取消, 6天前"
糖糖兔大王 私信你,我也不想租房给别人,
糖糖兔大王 私信你,我也不想租房给别人,"因用户点击全部消除而取消, 6天前"
糖糖兔大王 私信你,买商铺是真的没必要,
糖糖兔大王 私信你,买商铺是真的没必要,"因用户点击全部消除而取消, 6天前"
糖糖兔大王 私信你,哈哈哈哈哈哈,
糖糖兔大王 私信你,哈哈哈哈哈哈,"因用户点击全部消除而取消, 6天前"
查找,正在处理...,
查找,正在处理...,"App 自行取消, 6天前"
应用商店正在检查应用更新,,
应用商店正在检查应用更新,,"App 自行取消, 6天前"
王钧博,私信了你: [分享视频],
王钧博,私信了你: [分享视频],"被其他通知服务取消, 6天前"
糖糖兔大王 私信你,等我回家就宠幸它,
糖糖兔大王 私信你,等我回家就宠幸它,"因用户点击全部消除而取消, 6天前"
糖糖兔大王 私信你,等我回家就宠信它,
糖糖兔大王 私信你,等我回家就宠信它,"因用户点击全部消除而取消, 6天前"
糖糖兔大王 私信你,好嘟 可爱嘟 jiao 平板,
糖糖兔大王 私信你,好嘟 可爱嘟 jiao 平板,"因用户滑动消除而取消, 6天前"
派发中…,您的专属低价好物，请查收>>,
派发中…,您的专属低价好物，请查收>>,"被其他通知服务取消, 6天前"
马克马克马克 私信你,给你分享了[评论],
马克马克马克 私信你,给你分享了[评论],"因用户点击而取消, 6天前"
随身wifi吧（关注）,随身WiFi或者卡 有没有云南的，推荐一下。,
随身wifi吧（关注）,随身WiFi或者卡 有没有云南的，推荐一下。,"被其他通知服务取消, 6天前"
爆款上架：,商品ID：3958联通飞欢卡【29元210G+100分钟】长期套餐，全国可发，先激活后发货，限时上架,
爆款上架：,商品ID：3958联通飞欢卡【29元210G+100分钟】长期套餐，全国可发，先激活后发货，限时上架,"因用户点击而取消, 6天前"
马克马克马克 私信你,给你分享了[评论],
马克马克马克 私信你,给你分享了[评论],"因用户滑动消除而取消, 6天前"
即将确认收货通知,您的订单明天将自动确认收货，如未收到商品可选择延长收货或联系商家。,
即将确认收货通知,您的订单明天将自动确认收货，如未收到商品可选择延长收货或联系商家。,"因用户滑动消除而取消, 6天前"
一周没见，想你了 ,账本都积灰啦，快来看看最近花了多少,
づ♡ど 拍了拍你,并为你点亮 心动频率>,
づ♡ど 拍了拍你,并为你点亮 心动频率>,"取消原因未知, 6天前"
特关 房东的猫,"“如何 淌过 唯一不变 变化的河流”
#第四届浪潮音乐大赏# ​​​
ytdttj",
特关 房东的猫,"“如何 淌过 唯一不变 变化的河流”
#第四届浪潮音乐大赏# ​​​
ytdttj","因用户点击而取消, 6天前"
待领取,专属低价好物速抢>>,
待领取,专属低价好物速抢>>,"取消原因未知, 6天前"
有人出现,【小米智能门铃3-2204-糖糖兔大王的宫殿】,
有人出现,【小米智能门铃3-2204-糖糖兔大王的宫殿】,"因通知摘要被取消而取消, 6天前"
有人出现,【小米智能门铃3-2204-糖糖兔大王的宫殿】,
有人出现,【小米智能门铃3-2204-糖糖兔大王的宫殿】,"因通知摘要被取消而取消, 6天前"
飞书,"大主理人: ━━━━━━━━━━━━━━━━
🚗 新能源汽车新闻
━━━━━━━━━━━━━━━━1. BYD腾势N8L 9月14日上市 🔥...",
飞书,"大主理人: ━━━━━━━━━━━━━━━━
🚗 新能源汽车新闻
━━━━━━━━━━━━━━━━1. BYD腾势N8L 9月14日上市 🔥...","被其他通知服务取消, 6天前"
飞书,"大主理人: ━━━━━━━━━━━━━━━━
📱 消费电子/数码新闻
━━━━━━━━━━━━━━━━1. Apple...",
飞书,"大主理人: ━━━━━━━━━━━━━━━━
📱 消费电子/数码新闻
━━━━━━━━━━━━━━━━1. Apple...","被其他通知服务取消, 6天前"
飞书,"大主理人: ━━━━━━━━━━━━━━━━
💻 AI & 大模型新闻
━━━━━━━━━━━━━━━━1. GPT-6...",
飞书,"大主理人: ━━━━━━━━━━━━━━━━
💻 AI & 大模型新闻
━━━━━━━━━━━━━━━━1. GPT-6...","被其他通知服务取消, 6天前"
飞书,"大主理人: 📰 每日新闻摘要 (2026-09-06 13:30)━━━━━━━━━━━━━━━━
🌍 时事新闻...",
飞书,"大主理人: 📰 每日新闻摘要 (2026-09-06 13:30)━━━━━━━━━━━━━━━━
🌍 时事新闻...","被其他通知服务取消, 6天前"
2027款奥迪Nuvolari 4.0T V8 插电式混动 外观和内饰细节,前排围观,"被其他通知服务取消, 6天前"
电影吧（关注）,可以帮忙一下么 因为家里父母每天都吵架要离婚就被赶出来了，现...,
电影吧（关注）,可以帮忙一下么 因为家里父母每天都吵架要离婚就被赶出来了，现...,"取消原因未知, 6天前"
送你一份音乐好礼,立即领取>>,
送你一份音乐好礼,立即领取>>,"被其他通知服务取消, 6天前"
下午3点一起非咖！,双大杯39.9元，三大杯49.9元，指定星冰乐/茶拿铁/冰摇茶等人气饮品随心选，和朋友一起啡快下单，开启快乐下午茶，快戳>>,
下午3点一起非咖！,双大杯39.9元，三大杯49.9元，指定星冰乐/茶拿铁/冰摇茶等人气饮品随心选，和朋友一起啡快下单，开启快乐下午茶，快戳>>,"被其他通知服务取消, 6天前"
叶航克，你有1条新消息,郭女士:您好，这个岗位的工作地点在温州瓯海区南湖未来ONE体验中心2楼，请问您感兴趣吗？,
叶航克，你有1条新消息,郭女士:您好，这个岗位的工作地点在温州瓯海区南湖未来ONE体验中心2楼，请问您感兴趣吗？,"因用户点击全部消除而取消, 6天前"
叶航克，你有1条新消息,你的情况很适合我们机构哦！我们在瓯海未来one，我们是做3到14岁英语原版读本阅读。我们聊一聊把～,
叶航克，你有1条新消息,你的情况很适合我们机构哦！我们在瓯海未来one，我们是做3到14岁英语原版读本阅读。我们聊一聊把～,"因用户点击全部消除而取消, 6天前"
👉X300，幸运彩色传递9月幸运,蔡司APO超级长焦，来看看>,
👉X300，幸运彩色传递9月幸运,蔡司APO超级长焦，来看看>,"被其他通知服务取消, 6天前"
有人出现,【小米智能门铃3-2204-糖糖兔大王的宫殿】,
有人出现,【小米智能门铃3-2204-糖糖兔大王的宫殿】,"因用户点击全部消除而取消, 6天前"
有人出现,【小米智能门铃3-2204-糖糖兔大王的宫殿】,
有人出现,【小米智能门铃3-2204-糖糖兔大王的宫殿】,"因用户点击全部消除而取消, 6天前"
minecraft吧（关注）,为社群内勇三的推荐程度泼一点冷水,
minecraft吧（关注）,为社群内勇三的推荐程度泼一点冷水,"被其他通知服务取消, 6天前"
铁路行程提醒,您好，G1679次列车距离嵊州新昌站发车时间已不足3小时，请提前安排出行时间。,
铁路行程提醒,您好，G1679次列车距离嵊州新昌站发车时间已不足3小时，请提前安排出行时间。,"因用户点击全部消除而取消, 6天前"
奥迪扛不住了！E5 Sportback价格大跳水，800V+quattro，诚意够不,奥迪E5 Sportback，同级中能否获得一席之地？,
话费账单提醒,尊敬的136****0909客户您好，您2026年08月话费账单已更新，本期消费总额10.30元。点击立即查看详情>>,
话费账单提醒,尊敬的136****0909客户您好，您2026年08月话费账单已更新，本期消费总额10.30元。点击立即查看详情>>,"被其他通知服务取消, 6天前"
🦀14.9元起东南亚限定美味！,新加坡蟹酱海鲜堡，泰式炭烤猪猪堡、马来咖喱薄皮肉骨鸡14.9元起爽吃！,
🦀14.9元起东南亚限定美味！,新加坡蟹酱海鲜堡，泰式炭烤猪猪堡、马来咖喱薄皮肉骨鸡14.9元起爽吃！,"取消原因未知, 6天前"
好物抢购提醒,您的专属福利派送，请注意...,
好物抢购提醒,您的专属福利派送，请注意...,"取消原因未知, 6天前"
账单随时看！,添加钱包AI记账小部件，自动同步消费账单，钱花在哪一眼看清，存钱变简单～,
工银信使,清秋煮茶 露凝浅岸,
工银信使,清秋煮茶 露凝浅岸,"被其他通知服务取消, 6天前"
月光族救星！,钱包新上 AI 记账，自动分类支出 + 超支预警，钱花在哪一眼看清，存钱变简单～,
新邮件：阿里云,月度消费报告-看清消费，优化成本！,
新邮件：阿里云,月度消费报告-看清消费，优化成本！,"因用户点击全部消除而取消, 6天前"
minecraft吧（关注）,求助关于服务器tps问题,
minecraft吧（关注）,求助关于服务器tps问题,"被其他通知服务取消, 6天前"
@懒酱的日记本,#小米澎湃OS4# 一个较轻量的更新...(图)>>,
@懒酱的日记本,#小米澎湃OS4# 一个较轻量的更新...(图)>>,"被其他通知服务取消, 6天前"
宝马X3改黑武士风格，视觉凌厉、气场足，适配多种场景且耐脏、好打理。	,Ai:宝马X3改黑武士风格好看吗？,
宝马X3改黑武士风格，视觉凌厉、气场足，适配多种场景且耐脏、好打理。	,Ai:宝马X3改黑武士风格好看吗？,"被其他通知服务取消, 6天前"
收到【1条】专属推荐,一键播放▶,
收到【1条】专属推荐,一键播放▶,"取消原因未知, 6天前"
微信支付,已支付¥15.65,
已到达目的地,行程已结束,
正在前往目的地,预计1分钟到达目的地,
正在前往目的地,预计2分钟到达目的地,
正在前往目的地,预计3分钟到达目的地,
正在前往目的地,预计2分钟到达目的地,
快来先领任务再下单得「奖励」,来门户页做「本月购餐时随单开通麦金卡」任务，完成后得「免费奥利奥麦旋风券」(单笔实付15元可享)数量有限，先到先得哦~,
快来先领任务再下单得「奖励」,来门户页做「本月购餐时随单开通麦金卡」任务，完成后得「免费奥利奥麦旋风券」(单笔实付15元可享)数量有限，先到先得哦~,"被其他通知服务取消, 6天前"
正在前往目的地,预计3分钟到达目的地,
正在前往目的地,预计4分钟到达目的地,
正在前往目的地,预计3分钟到达目的地,
正在前往目的地,预计4分钟到达目的地,
正在前往目的地,预计5分钟到达目的地,
正在前往目的地,预计6分钟到达目的地,
通知,2026-09-06 11:00:00 收到提醒，领至高满15减15外卖红包，还能返现金>>>,
正在前往目的地,预计7分钟到达目的地,
正在前往目的地,预计8分钟到达目的地,
正在前往目的地,预计9分钟到达目的地,
正在前往目的地,预计8分钟到达目的地,
正在前往目的地,预计9分钟到达目的地,
正在前往目的地,预计10分钟到达目的地,
正在前往目的地,预计9分钟到达目的地,
正在前往目的地,预计10分钟到达目的地,
正在前往目的地,预计11分钟到达目的地,
正在前往目的地,预计12分钟到达目的地,
正在前往目的地,预计13分钟到达目的地,
正在前往目的地,预计12分钟到达目的地,
正在前往目的地,预计13分钟到达目的地,
周末全天早餐！三件套仅27.9,🔥全球人气爆款~枫糖厚松饼堡！薯饼全天有，咖啡免费续🆓️戳我解锁美味>>,
周末全天早餐！三件套仅27.9,🔥全球人气爆款~枫糖厚松饼堡！薯饼全天有，咖啡免费续🆓️戳我解锁美味>>,"取消原因未知, 6天前"
正在前往目的地,预计14分钟到达目的地,
正在前往目的地,预计15分钟到达目的地,
正在前往目的地,预计14分钟到达目的地,
正在前往目的地,预计15分钟到达目的地,
行程已开始,获取司机位置中,
司机已到达上车点,浙DD86858·白,
司机预计1分钟后到达,浙DD86858·白,
司机预计2分钟后到达,浙DD86858·白,
司机正在赶来,浙DD86858·白,
正在呼叫,6个服务商,
收到【1条】专属推荐,一键播放▶,
收到【1条】专属推荐,一键播放▶,"取消原因未知, 6天前"
游戏上线日历订阅,下周即将上线《战狗》等26款游戏，点击查看>>,
游戏上线日历订阅,下周即将上线《战狗》等26款游戏，点击查看>>,"被其他通知服务取消, 6天前"
张彬彬,给你发来：3条 [语音],
张彬彬,给你发来：3条 [语音],"被其他通知服务取消, 6天前"
随身wifi吧（关注）,认命了，真认了。 24年用到26年7月份都能正常使用。放了个...,
随身wifi吧（关注）,认命了，真认了。 24年用到26年7月份都能正常使用。放了个...,"取消原因未知, 6天前"
续航845km+800V+5C+高阶智驾，这样的“全能套餐”要什么价？,前排围观,
糖糖炖蛋妈,没关系，你只有自己打车回来了，我想来带你的，我已经到家了,
请注意查收,您的账户刚刚收到50.0元补贴，可用于中兴5G/4G上网，请注意及时...,
请注意查收,您的账户刚刚收到50.0元补贴，可用于中兴5G/4G上网，请注意及时...,"取消原因未知, 6天前"
糖糖炖蛋妈,[3条]糖糖炖蛋妈: [语音通话],
糖糖炖蛋妈,[2条]糖糖炖蛋妈: [语音通话],
糖糖炖蛋妈,[语音通话],
《Sad Sometimes》 [猜你喜欢],来自 Alan Walker,
《Sad Sometimes》 [猜你喜欢],来自 Alan Walker,"被其他通知服务取消, 6天前"
您关注的商品有好价,【PLERY普锐M305可插卡随身wifi... 】点击查看>>,
您关注的商品有好价,【PLERY普锐M305可插卡随身wifi... 】点击查看>>,"被其他通知服务取消, 6天前"
景甜孙宇晨入住酒店曝光：难怪贴胶带,网友实地考察景甜孙宇晨入住酒店，恍然大悟：难怪景甜要用黑胶带糊窗，否则就是在裸奔>>,
景甜孙宇晨入住酒店曝光：难怪贴胶带,网友实地考察景甜孙宇晨入住酒店，恍然大悟：难怪景甜要用黑胶带糊窗，否则就是在裸奔>>,"被其他通知服务取消, 6天前"
随身wifi吧（关注）,随身WiFi无法连网启动是什么原因,
随身wifi吧（关注）,随身WiFi无法连网启动是什么原因,"被其他通知服务取消, 6天前"
小黑盒,你关注的游戏《建筑师生活：房屋设计模拟器》当前售价为历史最低！,
小黑盒,你关注的游戏《建筑师生活：房屋设计模拟器》当前售价为历史最低！,"被其他通知服务取消, 6天前"
飞书,大主理人: ☀️ 早安！2026-09-06 周日（双周第36周）🎉 今日休息，好好休息！,
飞书,大主理人: ☀️ 早安！2026-09-06 周日（双周第36周）🎉 今日休息，好好休息！,"因用户滑动消除而取消, 6天前"
随身wifi吧（关注）,有没有老哥讲一下随时wifi和流量卡,
随身wifi吧（关注）,有没有老哥讲一下随时wifi和流量卡,"被其他通知服务取消, 6天前"
焕新ZEEKR 007GT，让猎装再帅一点,前排围观,
早上好，今日天气提醒,嵊州，晴转小雨，29/21°C，空气优，西北风2级,
马克马克马克 私信你,给你分享了[评论],
马克马克马克 私信你,给你分享了[评论],"因用户滑动消除而取消, 6天前"
马克马克马克 私信你,给你分享了[评论],
马克马克马克 私信你,给你分享了[评论],"因用户点击全部消除而取消, 6天前"
糖糖兔大王 私信你,给你分享了[笔记],
糖糖兔大王 私信你,给你分享了[笔记],"因用户滑动消除而取消, 6天前"
糖糖兔大王 私信你,给你分享了[笔记],
糖糖兔大王 私信你,给你分享了[笔记],"因用户点击全部消除而取消, 6天前"
必须去漂流,[6条]笨蛋YBY: [强][强][强],
必须去漂流,[5条][兔子]糖糖炖蛋[兔子]: 把开学前组织小团体概率拉到最低,
必须去漂流,[4条][兔子]糖糖炖蛋[兔子]: 进校以后你会进体育场旁边的体育馆二楼 上面有你的专业辅导员和学姐学长等你  你要签名你到了 然后拿单子上面会写你在几号楼几层哪间哪个床铺,
必须去漂流,[3条]笨蛋YBY: [恐惧][恐惧],
必须去漂流,[2条][兔子]糖糖炖蛋[兔子]: 台式电脑也是违禁物品吗,
必须去漂流,[兔子]糖糖炖蛋[兔子]: 什么神经病学校,
必须去漂流,[兔子]糖糖炖蛋[兔子]: 贴主回复容易被查,
必须去漂流,[兔子]糖糖炖蛋[兔子]: 这学校怎么这么离谱 我看到有人问能不能带台式电脑,
付骢,和你一起续了火花,
付骢,和你一起续了火花,"取消原因未知, 7天前"
订单已送达,点击查看详情,"因用户点击全部消除而取消, 6天前"
订单已送达,点击查看详情,
帖子已上传！,,
帖子已上传！,,"因超时而取消, 7天前"
随身wifi吧（关注）,随身wi-fi有没有猫腻,
随身wifi吧（关注）,随身wi-fi有没有猫腻,"取消原因未知, 7天前"
预计22:39送达,骑士正在配送,
预计5分钟后可送出,骑士已到店,
预计22:39送达,骑士已接单,
预计22:39送达,商家已接单,
预计5分钟后接单,等待商家接单,
微信支付,已支付¥17.50,
订单将在22:24自动取消,等待支付,
叶航克，你有1条新消息,热招外贸SaaS独立站系统销售，面向外贸企业客户，资源倾斜分配，综合薪资8k起，法定节假日全休，入职缴五险一金，薪资结构无责底薪...,
叶航克，你有1条新消息,热招外贸SaaS独立站系统销售，面向外贸企业客户，资源倾斜分配，综合薪资8k起，法定节假日全休，入职缴五险一金，薪资结构无责底薪...,"取消原因未知, 7天前"
有人出现,【小米智能门铃3-2204-糖糖兔大王的宫殿】,"因用户点击全部消除而取消, 7天前"
【失效提醒】,您的账号***于2026-09-05 21:25:00收到提醒，【0元领】VIP会员，爱奇艺、优酷、芒果TV、bilibili片库任性看。今日机会不领失效，速点>>>,
有人出现,【小米智能门铃3-2204-糖糖兔大王的宫殿】,
有人出现,【小米智能门铃3-2204-糖糖兔大王的宫殿】,"因用户点击全部消除而取消, 7天前"
minecraft吧（关注）,如果这样改动建筑合成怎么样？,
minecraft吧（关注）,如果这样改动建筑合成怎么样？,"取消原因未知, 7天前"
微信支付,已支付¥17.80,
已到达目的地,行程已结束,
来自[小爱同学]的精选内容,"超级小爱输入法近期·优化汇总

各位米粉大家好，
最新一轮优化功能汇总（本次优化",
正在前往目的地,预计1分钟到达目的地,
正在前往目的地,预计2分钟到达目的地,
正在前往目的地,预计3分钟到达目的地,
正在前往目的地,预计4分钟到达目的地,
正在前往目的地,预计5分钟到达目的地,
正在前往目的地,预计4分钟到达目的地,
正在前往目的地,预计5分钟到达目的地,
正在前往目的地,预计6分钟到达目的地,
正在前往目的地,预计7分钟到达目的地,
正在前往目的地,预计8分钟到达目的地,
正在前往目的地,预计9分钟到达目的地,
查找,正在处理...,
查找,正在处理...,"App 自行取消, 7天前"
正在前往目的地,预计10分钟到达目的地,
正在前往目的地,预计11分钟到达目的地,
正在前往目的地,预计12分钟到达目的地,
正在前往目的地,预计13分钟到达目的地,
正在前往目的地,预计14分钟到达目的地,
正在前往目的地,预计15分钟到达目的地,
正在前往目的地,预计16分钟到达目的地,
行程已开始,获取司机位置中,
司机已到达上车点,浙DDK2410·白,
司机预计1分钟后到达,浙DDK2410·白,
UniversalClipboardService,,
司机预计2分钟后到达,浙DDK2410·白,
司机预计3分钟后到达,浙DDK2410·白,
司机预计4分钟后到达,浙DDK2410·白,
有人出现,【小米智能门铃3-2204-糖糖兔大王的宫殿】,
司机预计3分钟后到达,浙DDK2410·白,
叶航克，你有1条新消息,你好～我们是一家服务型企业，面向全国优质物流客户，市场大！复购性强！省内独家！无责底薪+过程绩效（首月无责保底5K起）+销售提成...,
叶航克，你有1条新消息,你好～我们是一家服务型企业，面向全国优质物流客户，市场大！复购性强！省内独家！无责底薪+过程绩效（首月无责保底5K起）+销售提成...,"取消原因未知, 7天前"
马克马克马克 私信你,我得想想下周一用什么了,
马克马克马克 私信你,我得想想下周一用什么了,"因 app 更新或卸载而取消, 7天前"
马克马克马克 私信你,主要是额度不够了,
马克马克马克 私信你,主要是额度不够了,"因 app 更新或卸载而取消, 7天前"
马克马克马克 私信你,能用就行,
马克马克马克 私信你,能用就行,"因 app 更新或卸载而取消, 7天前"
随身wifi吧（关注）,优惠的套餐去哪里找呢,
随身wifi吧（关注）,优惠的套餐去哪里找呢,"取消原因未知, 7天前"
叶航克，你有1条新消息,你好，我们是群芳教育的，目前在招青少年综合素养成长导师，看你的简历蛮符合我们的要求，方便发一份详细的简历吗？,
叶航克，你有1条新消息,你好，我们是群芳教育的，目前在招青少年综合素养成长导师，看你的简历蛮符合我们的要求，方便发一份详细的简历吗？,"因用户点击全部消除而取消, 7天前"
马克马克马克 私信你,给你分享了[笔记],
马克马克马克 私信你,给你分享了[笔记],"因用户点击全部消除而取消, 7天前"
女性健康,排卵日2天后开始,
女性健康,排卵日2天后开始,"因用户滑动消除而取消, 7天前"
马克马克马克 私信你,我就知道,
马克马克马克 私信你,我就知道,"因用户点击全部消除而取消, 7天前"
马克马克马克 私信你,给你分享了[笔记],
马克马克马克 私信你,给你分享了[笔记],"因用户点击全部消除而取消, 7天前"
查找,正在处理...,"取消原因未知, 7天前"
你追的番剧更新了,《名侦探柯南》第1272话：鸟人大赛爆炸案件（下集）,
你追的番剧更新了,《名侦探柯南》第1272话：鸟人大赛爆炸案件（下集）,"取消原因未知, 7天前"
售价17.98万，2026款蔚来ET5T即可开走！超100人浏览，手慢无>>,发现一辆蔚来ET5T，已有超100人浏览！,
售价17.98万，2026款蔚来ET5T即可开走！超100人浏览，手慢无>>,发现一辆蔚来ET5T，已有超100人浏览！,"取消原因未知, 7天前"
“设备互联”正在运行,点按即可了解详情或停止应用。,"App 自行取消, 7天前"
@叶航克，你有1条新消息,Boss周女士向你发来沟通邀请，快去回复TA吧！,
@叶航克，你有1条新消息,Boss周女士向你发来沟通邀请，快去回复TA吧！,"因用户点击全部消除而取消, 7天前"
minecraft吧（关注）,如果这样削弱闹吃会怎么样？,
minecraft吧（关注）,如果这样削弱闹吃会怎么样？,"取消原因未知, 7天前"
晚上好，明日天气提醒,嵊州，晴转小雨，29/21°C，空气优，西北风2级,
本田也扛不住了！一降再降，从38500降到23980,懂车帝,
叶缤遥,私信了你: 哈哈哈哈哈哈当时没看到,
叶缤遥,私信了你: 哈哈哈哈哈哈当时没看到,"被其他通知服务取消, 7天前"
有人出现,【小米智能门铃3-2204-糖糖兔大王的宫殿】,
有人出现,【小米智能门铃3-2204-糖糖兔大王的宫殿】,"因通知摘要被取消而取消, 7天前"
有人出现,【小米智能门铃3-2204-糖糖兔大王的宫殿】,
有人出现,【小米智能门铃3-2204-糖糖兔大王的宫殿】,"因通知摘要被取消而取消, 7天前"
这辆2026款蔚来ET5T， 里程0.01万公里，过户0次，性价比超87%的车，快来看看>>,二手蔚来ET5T已到货,
这辆2026款蔚来ET5T， 里程0.01万公里，过户0次，性价比超87%的车，快来看看>>,二手蔚来ET5T已到货,"取消原因未知, 7天前"
糖糖包老婆🥰🥰,私信了你: 分享[评论],
糖糖包老婆🥰🥰,私信了你: 分享[评论],"取消原因未知, 7天前"
g-music吧,杨幂估计不会再婚了 不是因为没人馋她身子，而是因为没有哪个普...,
g-music吧,杨幂估计不会再婚了 不是因为没人馋她身子，而是因为没有哪个普...,"因用户点击全部消除而取消, 7天前"
玉足占领地球吧,这个姿势挺火的，我也来一张。,
玉足占领地球吧,这个姿势挺火的，我也来一张。,"因用户点击全部消除而取消, 7天前"
武汉大学吧,武汉大学参团全记录，哪个最逆天？,
武汉大学吧,武汉大学参团全记录，哪个最逆天？,"因用户点击全部消除而取消, 7天前"
第一版主网吧,求助，找一篇老文 男主好像是企业高管，侄女借住在家里，侄女姓...,
第一版主网吧,求助，找一篇老文 男主好像是企业高管，侄女借住在家里，侄女姓...,"因用户点击全部消除而取消, 7天前"
玉足占领地球吧,古人压根不懂吃 之前分析足底的帖子被拿下了…不过我又想到了新...,
玉足占领地球吧,古人压根不懂吃 之前分析足底的帖子被拿下了…不过我又想到了新...,"被其他通知服务取消, 7天前"
贴吧吧,We_always_win,
星引擎吧,多萝西邦妮跌落神坛？新筹码系统，锁体系大于一切！,
专业足球场吧,余杭专足的坡度,
综合执法吧,市环保执法队和交通运输执法队哪个好？,
叶航克，你有1条新消息,"感谢关注，非常认可您在销售和拜访客户方面的积累，公司承接了远东普惠的业务
   分配客户资源，外勤面销为主。可接受跨行业，入职有...",
叶航克，你有1条新消息,"感谢关注，非常认可您在销售和拜访客户方面的积累，公司承接了远东普惠的业务
   分配客户资源，外勤面销为主。可接受跨行业，入职有...","因用户点击全部消除而取消, 7天前"
爆款上架：,【实体卡】湖北移动39元150G【仅限武汉】、【实体卡】湖北电信39元160G+200分钟,
爆款上架：,【实体卡】湖北移动39元150G【仅限武汉】、【实体卡】湖北电信39元160G+200分钟,"因用户点击全部消除而取消, 7天前"
android吧（关注）,我的荣耀为什么安装不了shelter,
android吧（关注）,我的荣耀为什么安装不了shelter,"取消原因未知, 7天前"
通知,2026-09-05 17:00:00 收到提醒，领至高满15减15外卖红包，还能返现金>>>,
有人出现,【小米智能门铃3-2204-糖糖兔大王的宫殿】,
有人出现,【小米智能门铃3-2204-糖糖兔大王的宫殿】,"因用户点击全部消除而取消, 7天前"
有人出现,【小米智能门铃3-2204-糖糖兔大王的宫殿】,
有人出现,【小米智能门铃3-2204-糖糖兔大王的宫殿】,"因用户点击全部消除而取消, 7天前"
叶航克，你有1条新消息,朋友你好呀，我们公司现在在招外贸业务员，看你很合适，有社保，还有食堂有住宿，非常欢迎你来面试呢～,
叶航克，你有1条新消息,朋友你好呀，我们公司现在在招外贸业务员，看你很合适，有社保，还有食堂有住宿，非常欢迎你来面试呢～,"因用户点击全部消除而取消, 7天前"
minecraft吧（关注）,如果这样该末影龙会怎样,
minecraft吧（关注）,如果这样该末影龙会怎样,"取消原因未知, 7天前"
糟糕！被这些歌,击中了心脏,
糟糕！被这些歌,击中了心脏,"被其他通知服务取消, 7天前"
让耳朵放个假✈️,@你 专属行程表，请收下~,
让耳朵放个假✈️,@你 专属行程表，请收下~,"取消原因未知, 7天前"
微信支付,你有一笔收款入账,
流量提醒,尊敬的136****0909客户，您好！截至09月05日14点33分，您本月移动上网流量已使用119.95MB。剩余流量如下：国内通用流量80.12MB。点击查看详情>>,
流量提醒,尊敬的136****0909客户，您好！截至09月05日14点33分，您本月移动上网流量已使用119.95MB。剩余流量如下：国内通用流量80.12MB。点击查看详情>>,"因用户点击而取消, 7天前"
叶航克，你有1条新消息,您好，我们是一家全国连锁的教培公司，看了您的简历，觉得很符合我们的要求。我司目前诚聘招生、市场、教务等岗位，方便沟通一下吗？,
叶航克，你有1条新消息,您好，我们是一家全国连锁的教培公司，看了您的简历，觉得很符合我们的要求。我司目前诚聘招生、市场、教务等岗位，方便沟通一下吗？,"因用户点击全部消除而取消, 7天前"
叶航克，你有1条新消息,您好，我司目前诚聘市场、招生等岗位的优秀人才，方便发份简历聊聊吗？,
叶航克，你有1条新消息,您好，我司目前诚聘市场、招生等岗位的优秀人才，方便发份简历聊聊吗？,"因用户滑动消除而取消, 7天前"
小蓝豆+319,本单您获得319颗小蓝豆，距离升级更近一步,
小蓝豆+319,本单您获得319颗小蓝豆，距离升级更近一步,"取消原因未知, 7天前"
[1条未读消息],@你，我想送你一份温柔,
[1条未读消息],@你，我想送你一份温柔,"取消原因未知, 7天前"
查找,正在处理...,
查找,正在处理...,"App 自行取消, 7天前"
随身wifi吧（关注）,"本人工作，宿舍里面没网，想求一个小型wife,兄弟们有推荐的...",
随身wifi吧（关注）,"本人工作，宿舍里面没网，想求一个小型wife,兄弟们有推荐的...","被其他通知服务取消, 7天前"
派发中…,您的专属低价好物，请查收>>,
派发中…,您的专属低价好物，请查收>>,"取消原因未知, 7天前"
微信支付,[2条]微信支付: 优惠已使用通知,
微信支付,已支付¥31.88,
叶航克，你有1条新消息,已上市！无责底薪可达7.2k🥳🥳入职缴纳五险一金~,
叶航克，你有1条新消息,已上市！无责底薪可达7.2k🥳🥳入职缴纳五险一金~,"取消原因未知, 7天前"
叶航克，你有1条新消息,🍾🎉🎊嗨~ 💃无责底薪6800，入职就缴纳五险一金，我们是甲方直接招聘，最大的SAAS营销销售公司🏆给公司招聘业务，感...,
叶航克，你有1条新消息,🍾🎉🎊嗨~ 💃无责底薪6800，入职就缴纳五险一金，我们是甲方直接招聘，最大的SAAS营销销售公司🏆给公司招聘业务，感...,"取消原因未知, 7天前"
消息通知,你收到一条问问消息,
消息通知,你收到一条问问消息,"取消原因未知, 7天前"
有人出现,【小米智能门铃3-2204-糖糖兔大王的宫殿】,
有人出现,【小米智能门铃3-2204-糖糖兔大王的宫殿】,"因用户滑动消除而取消, 7天前"
随身wifi吧（关注）,咸鱼市场这些靠谱吗？,
随身wifi吧（关注）,咸鱼市场这些靠谱吗？,"取消原因未知, 7天前"
飞书,"大主理人: 📰 每日新闻摘要 (2026-09-05 13:30)━━━━━━━━━━━━━━━━
🌍 时事新闻...",
飞书,"大主理人: 📰 每日新闻摘要 (2026-09-05 13:30)━━━━━━━━━━━━━━━━
🌍 时事新闻...","因用户点击而取消, 7天前"
无忧行,…的短信验证码是：265593。请勿告诉任何人，任何索取行为均为诈骗！不要在任何短信或邮件链接页面中输入验证码。,
无忧行,…的短信验证码是：265593。请勿告诉任何人，任何索取行为均为诈骗！不要在任何短信或邮件链接页面中输入验证码。,"因用户滑动消除而取消, 7天前"
收到【1条】专属推荐,一键播放▶,
收到【1条】专属推荐,一键播放▶,"取消原因未知, 7天前"
应用接力服务,服务正在运行,
派发中…,您的专属低价好物，请查收>>,
派发中…,您的专属低价好物，请查收>>,"被其他通知服务取消, 7天前"
限量速来📍麦金喜宝藏抽奖处,随心配Yuy玉缤纷礼盒掉落中，快来解锁小玉的甜美周边~内含方巾+手提袋+吧唧套组,
限量速来📍麦金喜宝藏抽奖处,随心配Yuy玉缤纷礼盒掉落中，快来解锁小玉的甜美周边~内含方巾+手提袋+吧唧套组,"被其他通知服务取消, 7天前"
百元权益月月抽，好礼不停歇,来手机银行任务中心，3元、5元、10元、100元微信立减金等超值权益等您来抽！,
百元权益月月抽，好礼不停歇,来手机银行任务中心，3元、5元、10元、100元微信立减金等超值权益等您来抽！,"取消原因未知, 7天前"
📢点开看看，能省一部手机钱！,0元预约，赢X500系列全系机器！,
📢点开看看，能省一部手机钱！,0元预约，赢X500系列全系机器！,"被其他通知服务取消, 7天前"
android吧（关注）,小白求助，有偿，请路过大佬们帮帮忙,
android吧（关注）,小白求助，有偿，请路过大佬们帮帮忙,"被其他通知服务取消, 7天前"
账单随时看！,添加钱包AI记账小部件，自动同步消费账单，钱花在哪一眼看清，存钱变简单～,
月光族救星！,钱包新上 AI 记账，自动分类支出 + 超支预警，钱花在哪一眼看清，存钱变简单～,
有人出现,【小米智能门铃3-2204-糖糖兔大王的宫殿】,
有人出现,【小米智能门铃3-2204-糖糖兔大王的宫殿】,"因用户点击全部消除而取消, 7天前"
砸金蛋赢短剧VIP,海量热剧随心追，点击参与，享追剧权益>>,
砸金蛋赢短剧VIP,海量热剧随心追，点击参与，享追剧权益>>,"被其他通知服务取消, 7天前"
随身wifi吧（关注）,随身WiFi求推荐 开学了，学校校园网太贵了强制一张本地校园...,
随身wifi吧（关注）,随身WiFi求推荐 开学了，学校校园网太贵了强制一张本地校园...,"取消原因未知, 7天前"
づ♡ど 拍了拍你,并为你点亮 心动频率>,
づ♡ど 拍了拍你,并为你点亮 心动频率>,"被其他通知服务取消, 7天前"
仅限周末！全球爆款必须吃,枫糖厚松饼堡🥞咸甜交织一口沦陷！酥脆薯饼+免费续杯的咖啡🆓️现在就来吃>>,
仅限周末！全球爆款必须吃,枫糖厚松饼堡🥞咸甜交织一口沦陷！酥脆薯饼+免费续杯的咖啡🆓️现在就来吃>>,"取消原因未知, 7天前"
王钧博,私信了你: [分享视频],
王钧博,私信了你: [分享视频],"被其他通知服务取消, 7天前"
待领取,专属低价好物速抢>>,
待领取,专属低价好物速抢>>,"取消原因未知, 7天前"
@懒酱的日记本,#小米澎湃OS4# 第二批 beta 机...(图)>>,
@懒酱的日记本,#小米澎湃OS4# 第二批 beta 机...(图)>>,"取消原因未知, 7天前"
通知,2026-09-05 11:00:00 收到提醒，领至高满15减15外卖红包，还能返现金>>>,
查找,正在处理...,
续航845km+800V+5C+高阶智驾，这样的“全能套餐”要什么价？,等你来看,
早上好，今日天气提醒,嵊州，雾转小雨，29/23°C，空气优，西北风2级,
特关 房东的猫,"很荣幸《不擅生长的树》入围2026 #WMA微博音乐盛典# 年度榜单。希望每棵不擅生长的树都能迎来自己的春天。戳【http://t.cn/AXpUegHa】参与升Key，助力声浪🌊 #2026WMA...
ytdttj",
来自[K70 至尊版]的精选内容,没想到几年前的k30Pro变焦版还能用上2.0的性能面板,
OpenClaw,"⚠️ 微博监控 Cookie 失效提醒：已配置的微博 Cookie 验证为未登录或已失效，微博动态自动监控已暂停。
请重新获取 Cookie，更新后使用 /weibo_verify 验证。",
晚上好，明日天气提醒,嵊州，小雨，29/23°C，空气优，西北风2级,
查找,正在处理...,
微信支付,已支付¥17.63,
本田也扛不住了！一降再降，从38500降到23980,超2.0万人关注的作者发文啦！,
微信支付,已支付¥10.80,
微信支付,已支付¥18.00,
14:32有人移动,【小米智能摄像机C700-2204-糖糖兔大王的宫殿】,
焕新ZEEKR 007GT，让猎装再帅一点,等你来看,
12:50有人移动,【小米智能摄像机C700-2204-糖糖兔大王的宫殿】,
微信支付,退款到账通知,
微信支付,你有优惠即将过期,
月光族救星！,钱包新上 AI 记账，自动分类支出 + 超支预警，钱花在哪一眼看清，存钱变简单～,
记账时间到了，记一笔试试？,第一笔记录最关键，3s记下今天的开支，开启财务自律。,
奥迪扛不住了！E5 Sportback价格大跳水，800V+quattro，诚意够不,懂车帝,
通知,2026-09-04 11:00:00 收到提醒，领至高满15减15外卖红包，还能返现金>>>,
奇瑞黑马SUV掀桌！续航2000km+7气囊+喝92油，月均800就能养！,超10000人关注的作者发文啦！,
叮～发现一个帮你自动省钱的神器！,不用费脑子比价，AI 帮你自动搞定，开启就能省～,
添加记账桌面快捷方式，一键直达AI记账,点击添加~,
微信支付,已支付¥1.00,
微信支付,已支付¥19.80,
续航845km+800V+5C+高阶智驾，这样的“全能套餐”要什么价？,一起来探索汽车世界！,
CameraNotification,,
早上好，今日天气提醒,鹿城，小雨转晴，34/25°C，空气优，西北风1级,
微信支付,已支付¥9.00,
查找,正在处理...,
微信支付,亲属卡扣款凭证,
必须去漂流,[2条]笨蛋YBY: [强],
必须去漂流,[兔子]糖糖炖蛋[兔子]: [链接] 当我买了超大号窗帘时,
必须去漂流,笨蛋YBY: [动画表情] 好的,
必须去漂流,[兔子]糖糖炖蛋[兔子]: 进行一个光速洗澡先,
必须去漂流,笨蛋YBY: [动画表情],
必须去漂流,[兔子]糖糖炖蛋[兔子]: 机器人会帮你打的,
必须去漂流,[2条]笨蛋YBY: 如果我打到一半消失了可能是重启了,
必须去漂流,笨蛋YBY: 那个手机有可能玩着玩着突然重启,
必须去漂流,笨蛋YBY: [动画表情],
必须去漂流,[兔子]糖糖炖蛋[兔子]: 十点也太早了吧,
必须去漂流,笨蛋YBY: [动画表情],
必须去漂流,[兔子]糖糖炖蛋[兔子]: 哈哈哈哈哈哈哈,
必须去漂流,笨蛋YBY: 不过具体几点交不知道,
必须去漂流,笨蛋YBY: 我名义上十点要交手机,
必须去漂流,[3条]笨蛋YBY: [动画表情] ok,
必须去漂流,[2条][兔子]糖糖炖蛋[兔子]: 过会儿还玩吗,
必须去漂流,[兔子]糖糖炖蛋[兔子]: 洗澡洗澡,
来自[小米澎湃OS]的精选内容,"请查收 小米超级岛 近期更新一览。
适配更多应用，常用信息查看更顺手。
你的每一",
微信支付,已支付¥49.90,
必须去漂流,[3条][兔子]糖糖炖蛋[兔子]: 三个人玩了13局了还是 0分,
必须去漂流,[2条][兔子]糖糖炖蛋[兔子]: [动画表情] 错,
必须去漂流,[兔子]糖糖炖蛋[兔子]: 炸也没用啊,
必须去漂流,[2条][兔子]糖糖炖蛋[兔子]: 先是我留了一对 3，你留了一个3,
必须去漂流,[兔子]糖糖炖蛋[兔子]: 怎么做到所有人的牌都那么烂的,
必须去漂流,[兔子]糖糖炖蛋[兔子]: 不知道啊,
必须去漂流,[兔子]糖糖炖蛋[兔子]: [小程序] 房已开好！经典好友房玩法，叫抢，24局，可用记牌器，速来!,
必须去漂流,[3条]笨蛋YBY: [动画表情],
必须去漂流,[2条][兔子]糖糖炖蛋[兔子]: 还玩吗,
必须去漂流,笨蛋YBY: 没，刚才牌挺小的,
必须去漂流,[兔子]糖糖炖蛋[兔子]: 我都在斗地主输一天了,
必须去漂流,[兔子]糖糖炖蛋[兔子]: [动画表情],
必须去漂流,[兔子]糖糖炖蛋[兔子]: 河南姐养的狗怎么跟她一样,
必须去漂流,[2条][兔子]糖糖炖蛋[兔子]: [图片],
必须去漂流,[兔子]糖糖炖蛋[兔子]: [图片],
必须去漂流,[2条][兔子]糖糖炖蛋[兔子]: [图片],
必须去漂流,[兔子]糖糖炖蛋[兔子]: [动画表情],
添加记账小部件，账单一目了然>>,点击添加>>,
必须去漂流,[2条][兔子]糖糖炖蛋[兔子]: [小程序] 房已开好！经典好友房玩法，叫抢，24局，可用记牌器，速来!,
必须去漂流,[兔子]糖糖炖蛋[兔子]: 在欢乐斗地主输了一下午 还剩 0 个欢乐豆的蟹粉酥已就位,
马克马克马克 私信你,[哭惹R],
必须去漂流,[兔子]糖糖炖蛋[兔子]: [链接] 太好笑了,
晚上好，明日天气提醒,鹿城，小雨转晴，34/26°C，空气优，西北风2级,
刚刚：您的账号***于 18:36:00 收到消息,您的账号***于2026-09-03 18:36:00收到提醒，免费获取玩家视界会员时长，1分购微博VIP会员月卡，速点>>>,
必须去漂流,[4条][兔子]糖糖炖蛋[兔子]: @ytdttj ,
必须去漂流,[3条]笨蛋YBY: [动画表情],
必须去漂流,[2条][兔子]糖糖炖蛋[兔子]: [动画表情] 看你,
必须去漂流,[兔子]糖糖炖蛋[兔子]: 晚上有人玩斗地主吗,
这辆2025款ZEEKR 007GT， 里程0.42万公里，过户0次，性价比超80%的车，快来...,二手ZEEKR 007GT已到货,
本田也扛不住了！一降再降，从38500降到23980,懂车帝,
2027款奥迪Nuvolari 4.0T V8 插电式混动 外观和内饰细节,前排围观,
微信支付,已支付¥19.80,
特关 房东的猫,"以史为鉴，吾辈自强，铭记历史，开创未来！#中国人民抗战胜利81周年#
ytdttj",
K90风扇小组件交流群,[@全体成员]酷安@往不忆 K90至尊版: @全体成员 凡是看到这条消息的，都可以把名字改为:“酷安@你的酷安昵称”，凡是这个要求改了的，我都放进感谢名单,
账单随时看！,添加钱包AI记账小部件，自动同步消费账单，钱花在哪一眼看清，存钱变简单～,
UniversalClipboardService,,
下载完成,下载成功1项，共15.22M,
月光族救星！,钱包新上 AI 记账，自动分类支出 + 超支预警，钱花在哪一眼看清，存钱变简单～,
手机中有25440张照片还未备份,释放手机内存，安全加密存储,
下载完成,下载成功1项，共19.25M,
通知,2026-09-03 11:10:00 左右收到提醒，至高满15减15外卖大红包>>>,
通知,2026-09-03 11:00:00 收到提醒，领至高满15减15外卖红包，还能返现金>>>,
奥迪扛不住了！E5 Sportback价格大跳水，800V+quattro，诚意够不,超5000人关注的作者发文啦！,
续航845km+800V+5C+高阶智驾，这样的“全能套餐”要什么价？,等你来看,
早上好，今日天气提醒,鹿城，晴转小雨，33/26°C，空气优，东北风1级,
应用接力服务,服务正在运行,
微信支付,亲属卡扣款凭证,
必须去漂流,笨蛋YBY: ok,
必须去漂流,[兔子]糖糖炖蛋[兔子]: [小程序] 房已开好！经典好友房玩法，叫抢，15局，可用记牌器，速来!,
必须去漂流,[兔子]糖糖炖蛋[兔子]: [小程序] 房已开好！经典好友房玩法，叫抢，3局，可用记牌器，速来!,
必须去漂流,[3条]笨蛋YBY: 在哪玩呀,
必须去漂流,[2条]笨蛋YBY: [动画表情],
必须去漂流,[兔子]糖糖炖蛋[兔子]: 玩不玩斗地主,
【失效提醒】,您的账号***于2026-09-02 21:25:00收到提醒，【0元领】VIP会员，爱奇艺、优酷、芒果TV、bilibili片库任性看。今日机会不领失效，速点>>>,
来自[Xiaomi 14 Ultra]的精选内容,这手机拍照太吃阳光了，有阳光拍出来的照片特别好看，反之侧很普通。,
必须去漂流,[2条]笨蛋YBY: 哈哈哈哈是的,
必须去漂流,[兔子]糖糖炖蛋[兔子]: 这个好看多了,
必须去漂流,[2条]笨蛋YBY: [动画表情] 好的,
必须去漂流,[兔子]糖糖炖蛋[兔子]: 不能把线拉到床上,
必须去漂流,[4条][兔子]糖糖炖蛋[兔子]: 粘在衣柜后面,
必须去漂流,[3条][兔子]糖糖炖蛋[兔子]: 你可以买这种带背胶的理线器,
必须去漂流,[2条][兔子]糖糖炖蛋[兔子]: [链接] 1.98元 魔术贴理线器数据线收纳背胶插头线卡扣自粘免打孔桌面束线收纳器 拼多多,
必须去漂流,笨蛋YBY: 好吧,
必须去漂流,[兔子]糖糖炖蛋[兔子]: 哈哈哈哈哈,
必须去漂流,笨蛋YBY: [坏笑],
必须去漂流,笨蛋YBY: 有没有好看点的,
必须去漂流,笨蛋YBY: 不过这个耳机真的丑丑的,
必须去漂流,[2条]笨蛋YBY: 我在想要不要买个小风扇,
必须去漂流,笨蛋YBY: ok,
必须去漂流,[兔子]糖糖炖蛋[兔子]: 几乎不会影响她们,
微信支付,退款到账通知,
必须去漂流,[兔子]糖糖炖蛋[兔子]: 如果床帘不遮光可以买个眼罩,
必须去漂流,笨蛋YBY: 你上次说的那个耳机链接发我一下@ytdttj ,
必须去漂流,[2条][兔子]糖糖炖蛋[兔子]: 这种人最讨厌了,
必须去漂流,[兔子]糖糖炖蛋[兔子]: 一定会出现一个和稀泥的人,
必须去漂流,笨蛋YBY: [恐惧],
必须去漂流,[兔子]糖糖炖蛋[兔子]: [链接] 凌晨12点的宿舍给大一新生点小震撼,
添加记账小部件，账单一目了然>>,点击添加>>,
特关 房东的猫,"「乐行日记」Vlog.71 海边的火锅🥥
椰香、海浪、滚烫的汤锅，是海口留给我们最惬意的纪念。
ps:看看大家的秘制蘸料🥣
#青春快乐岛##房东的猫今晚吃什么# http://t.cn/AX05C...
ytdttj",
晚上好，明日天气提醒,鹿城，小雨，33/25°C，空气优，东北风1级,
17:43有人移动,【小米智能摄像机C700-2204-糖糖兔大王的宫殿】,
“设备互联”正在运行,点按即可了解详情或停止应用。,
有人出现,【小米智能门铃3-2204-糖糖兔大王的宫殿】,
16:30有人移动,【小米智能摄像机C700-2204-糖糖兔大王的宫殿】,
必须去漂流,[4条]笨蛋YBY: [动画表情],
必须去漂流,[3条][兔子]糖糖炖蛋[兔子]: 别人 11 年已经上大一了,
必须去漂流,[2条][兔子]糖糖炖蛋[兔子]: 我弟 13 年还在读初二,
必须去漂流,[兔子]糖糖炖蛋[兔子]: 哈哈哈哈哈哈,
必须去漂流,[7条][兔子]糖糖炖蛋[兔子]: 命运也是够坎坷的,
必须去漂流,[6条][兔子]糖糖炖蛋[兔子]: 高中还休学或者复读,
必须去漂流,[5条][兔子]糖糖炖蛋[兔子]: 退伍[表情]专升本的吗,
订阅消息：李大牛的春天 评论了你的动态,gg还没封吗[受虐滑稽],
微信支付,你有优惠即将过期,
订阅消息：一蓑烟雨任平生6 评论了你的动态,流量要钱[受虐滑稽],
UniversalClipboardService,,
应用接力服务,服务正在运行,
订阅消息：呵呵丶不怕 评论了你的动态,【中兴F32pro优惠券】TE/中兴2025新款F32pro随身无线wifi插电款带充电仓户外高速网络你的专属膨胀卷，膨...,
售价17.69万，2025款ZEEKR 007GT即可开走！超200人浏览，手慢无>>,发现一辆ZEEKR 007GT，已有超200人浏览！,
通知,2026-09-02 11:10:00 左右收到提醒，至高满15减15外卖大红包>>>,
通知,2026-09-02 11:00:00 收到提醒，领至高满15减15外卖红包，还能返现金>>>,
小米·中国汽车场地职业联赛门票开售,看明星车手激烈角逐，赠专属棒球帽，数量有限先到先得！,
叮～发现一个帮你自动省钱的神器！,不用费脑子比价，AI 帮你自动搞定，开启就能省～,
奥迪扛不住了！E5 Sportback价格大跳水，800V+quattro，诚意够不,奥迪E5 Sportback，同级中能否获得一席之地？,
续航845km+800V+5C+高阶智驾，这样的“全能套餐”要什么价？,一起来探索汽车世界！,
来自[K80/Pro]的精选内容,突然发现小组件可以显示充电功率和电压了，什么时候放开的,
微信,登录 Windows 微信,
订阅消息：绫华の狗 回复了你的评论,看清楚说的就是cpu温度[黑线],
添加记账小部件，账单一目了然>>,点击添加>>,
晚上好，明日天气提醒,西湖，中雨转小雨，30/22°C，空气优，东北风2级,
K90风扇小组件交流群,[@全体成员]酷安@往不忆 K90至尊版: @全体成员 我先去吃个饭，回来清理没改名的bro,
“设备互联”正在运行,点按即可了解详情或停止应用。,
微信支付,已支付¥20.03,
2027款奥迪Nuvolari 4.0T V8 插电式混动 外观和内饰细节,等你来看,
有人出现,【小米智能门铃3-2204-糖糖兔大王的宫殿】,
微信支付,亲属卡扣款凭证,
方盒子亦从容 北京现代第五代胜达颠覆认知,前排围观,
AI：Polestar 4极光白影版,快上车！带你遨游车海,
微信支付,你有优惠即将过期,
账单随时看！,添加钱包AI记账小部件，自动同步消费账单，钱花在哪一眼看清，存钱变简单～,
月光族救星！,钱包新上 AI 记账，自动分类支出 + 超支预警，钱花在哪一眼看清，存钱变简单～,
微信支付,[2条]微信支付: 亲属卡扣款凭证,
微信支付,亲属卡扣款凭证,
通知,2026-09-01 11:10:00 左右收到提醒，至高满15减15外卖大红包>>>,
小米·中国汽车场地职业联赛门票开售,看明星车手激烈角逐，赠专属棒球帽，数量有限先到先得！,
通知,2026-09-01 11:00:00 收到提醒，领至高满15减15外卖红包，还能返现金>>>,
Keep,上周 08/24 ~ 08/30 没有运动，这是你的运动数据周报,
订阅消息：HH963258 回复了你的评论,哥，你买的哪家的随身wifi啊,
本田也扛不住了！一降再降，从38500降到23980,超2.0万人关注的作者发文啦！,
早上好，今日天气提醒,西湖，多云转小雨，31/24°C，空气优，东北风2级,
有人出现,【小米智能门铃3-2204-糖糖兔大王的宫殿】,
微信支付,已扣费¥29.15,
微信支付,[2条]微信支付: 「先享后付」服务使用通知,
微信支付,已扣费¥7.62,
微信支付,「先享后付」服务使用通知,
奥迪扛不住了！E5 Sportback价格大跳水，800V+quattro，诚意够不,懂车帝,
续航845km+800V+5C+高阶智驾，这样的“全能套餐”要什么价？,前排围观,
添加记账小部件，账单一目了然>>,点击添加>>,
微信支付,[4条]微信支付: 已支付¥338.00,
晚上好，明日天气提醒,萧山，小雨，32/24°C，空气优，东北风2级,
微信支付,[3条]微信支付: 亲属卡扣款凭证,
微信支付,[2条]微信支付: 亲属卡扣款凭证,
微信支付,亲属卡扣款凭证,
微信支付,退款到账通知,
账单随时看！,添加钱包AI记账小部件，自动同步消费账单，钱花在哪一眼看清，存钱变简单～,
微信支付,已支付¥80.00,
月光族救星！,钱包新上 AI 记账，自动分类支出 + 超支预警，钱花在哪一眼看清，存钱变简单～,
通知,2026-08-31 11:10:00 左右收到提醒，至高满15减15外卖大红包>>>,
通知,2026-08-31 11:00:00 收到提醒，领至高满15减15外卖红包，还能返现金>>>,
添加记账桌面快捷方式，一键直达AI记账,点击添加~,
售价14.38万，2025款ZEEKR 007即可开走！超200人浏览，手慢无>>,发现一辆ZEEKR 007，已有超200人浏览！,
有人出现,【小米智能门铃3-2204-糖糖兔大王的宫殿】,
方盒子亦从容 北京现代第五代胜达颠覆认知,等你来看,
早上好，今日天气提醒,西湖，大雨转多云，33/25°C，空气优，东南风1级,
微信支付,已支付¥30.00,
【失效提醒】,您的账号***于2026-08-30 21:25:00收到提醒，【0元领】VIP会员，爱奇艺、优酷、芒果TV、bilibili片库任性看。今日机会不领失效，速点>>>,
来小米钱包玩猛鬼宿舍,玩够1分钟必得红包，直接提现到银行卡>,
续航845km+800V+5C+高阶智驾，这样的“全能套餐”要什么价？,等你来看,
特关 房东的猫,"此刻 同吹一阵海风🌊
#日照向光沙滩音乐嘉年华##有音乐的夏天# ​​​
ytdttj",
特关 房东的猫,"在《一台戏》里和大家聊了聊创作、时光，以及一路走来不曾改变的初心。很开心一起参与这场柔软的对话。 http://t.cn/AXperZ2F ​​​
ytdttj",
添加记账小部件，账单一目了然>>,点击添加>>,
Keep,今天的连动还未达成，最后 3 小时啦！,
晚上好，明日天气提醒,上城，大雨转多云，33/25°C，空气优，东南风2级,
K90风扇小组件交流群(2条新消息),[@全体成员]酷安@往不忆 K90至尊版: @全体成员 来更新了,
K90风扇小组件交流群,[群公告]酷安@往不忆 K90至尊版: [群公告]@所有人已更新V1.9.5版本更新内容如下:1:新增自研转速算法，根据pwm值和温度反推转速，以此来解决澎湃OS4上的转速显示问题，如果有觉得转速不太准确或者觉得误差太大的，我可以继续优化转速以…,
微信支付,亲属卡扣款凭证,
有人出现,【小米智能门铃3-2204-糖糖兔大王的宫殿】,
微信支付,已支付¥116.00,
微信支付,[2条]微信支付: 亲属卡扣款凭证,
微信支付,亲属卡扣款凭证,
微信支付,已支付¥38.00,
微信支付,已支付¥106.00,
账单随时看！,添加钱包AI记账小部件，自动同步消费账单，钱花在哪一眼看清，存钱变简单～,
月光族救星！,钱包新上 AI 记账，自动分类支出 + 超支预警，钱花在哪一眼看清，存钱变简单～,
UniversalClipboardService,,
微信支付,多次优惠待使用提醒,
通知,2026-08-30 11:00:00 收到提醒，领至高满15减15外卖红包，还能返现金>>>,
K90风扇小组件交流群,[@全体成员]酷安@往不忆 K90至尊版: @全体成员 五分钟之内，没按要求改名的直接飞机票,
应用接力服务,服务正在运行,
早上好，今日天气提醒,西湖，小雨转多云，33/24°C，空气优，东北风2级,
UniversalClipboardService,,
应用接力服务,服务正在运行,
【失效提醒】,您的账号***于2026-08-29 21:25:00收到提醒，【0元领】VIP会员，爱奇艺、优酷、芒果TV、bilibili片库任性看。今日机会不领失效，速点>>>,
来小米钱包玩猛鬼宿舍,玩够1分钟必得红包，直接提现到银行卡>,
微信支付,亲属卡扣款凭证,
添加记账小部件，账单一目了然>>,点击添加>>,
续航845km+800V+5C+高阶智驾，这样的“全能套餐”要什么价？,前排围观,
特关 房东的猫,"不擅生长的树概念解读-上
大家的参与给「不擅生长的树」赋予了更多的切面，比如主动选择的不擅生长，比如承认自己不擅生长…生长从来不止有一种标准，我们可以允许自己走得慢一点。谢谢大家和我们一起完成这棵树完...
ytdttj",
晚上好，明日天气提醒,西湖，中雨转多云，33/24°C，空气优，东南风2级,
UniversalClipboardService,,
应用接力服务,服务正在运行,
微信支付,已支付¥22.00,
微信支付,亲属卡扣款凭证,
最高20万额度,您的账户于14:30收到提醒，您有最高20万额度可申请~,
微信支付,已支付¥97.00,
记账时间到了，记一笔试试？,第一笔记录最关键，3s记下今天的开支，开启财务自律。,
添加记账桌面快捷方式，一键直达AI记账,点击添加~,
早上好，今日天气提醒,西湖，阴转小雨，34/26°C，空气优，东北风2级,
【失效提醒】,您的账号***于2026-08-28 21:25:00收到提醒，【0元领】VIP会员，爱奇艺、优酷、芒果TV、bilibili片库任性看。今日机会不领失效，速点>>>,
添加记账小部件，账单一目了然>>,点击添加>>,
UniversalClipboardService,,
微信支付,亲属卡扣款凭证,
晚上好，明日天气提醒,西湖，阴转小雨，34/26°C，空气优，东北风2级,
应用接力服务,服务正在运行,
微信支付,转账过期退款到账通知,
记账零负担模式，一键开启  ,不用手动录入，日常支出自动归档,
ZEEKR 007GT电池寿命官方数据与真实车主反馈，一文详解真实差距	,Ai:ZEEKR 007GT电池寿命多久,
通知,2026-08-28 11:00:00 收到提醒，领至高满15减15外卖红包，还能返现金>>>,
叮～发现一个帮你自动省钱的神器！,不用费脑子比价，AI 帮你自动搞定，开启就能省～,
记账还在手动分类？,AI自动识别每笔消费类型，比手动更快 >>,
早上好，今日天气提醒,西湖，中雨转多云，32/26°C，空气优，西北风3级,
K90风扇小组件交流群,[@全体成员]酷安@往不忆 K90至尊版: @全体成员 目前我实在是暂时找不到修复在澎湃OS4上获取不了转速的问题，所以只能委屈兄弟们先暂时这么用着了，等后面系统再更新了，看看能不能修复吧/捂脸,
来小米钱包玩猛鬼宿舍,玩够1分钟必得红包，直接提现到银行卡>,
微信支付,已支付¥799.00,
K90风扇小组件交流群(2条新消息),[@全体成员]酷安@往不忆 K90至尊版: @全体成员 正常使用的人出来发个话,
K90风扇小组件交流群,[@全体成员]酷安@往不忆 K90至尊版: @全体成员 风扇控制台可以正常使用的，转速也能正常显示的扣1,
刚刚：您的账号***于 18:36:00 收到消息,您的账号***于2026-08-27 18:36:00收到提醒，免费获取玩家视界会员时长，1分购微博VIP会员月卡，速点>>>,
微信支付,已支付¥7.69,
晚上好，明日天气提醒,拱墅，中雨转多云，32/26°C，空气优，东北风3级,
微信支付,亲属卡退款到账通知,
微信支付,亲属卡扣款凭证,
特关 房东的猫,"当我们回过头，遥遥望向某个阶段的自己，反复确认之后，是笃定的相信。

在漂浮的时光里，希望那些过往积攒下来的力量，可以帮助我们一点点抚平堆叠的褶皱。#房东的猫新专辑不擅生长的树##房东的猫新歌给遥远的...
ytdttj",
续航845km+800V+5C+高阶智驾，这样的“全能套餐”要什么价？,等你来看,
微信支付,退款到账通知,
钱包 AI 记账功能已上线！,别再手动扒账单了！自动记账 + 个性化收支报表，帮你揪出隐形花销！,
UniversalClipboardService,,
微信支付,已支付¥285.00,
通知,2026-08-27 11:00:00 收到提醒，领至高满15减15外卖红包，还能返现金>>>,
微信支付,已支付¥22.80,
应用接力服务,服务正在运行,
早上好，今日天气提醒,鹿城，多云转小雨，36/26°C，空气优，西北风2级,
微信支付,亲属卡扣款凭证,
微信支付,已支付¥18.00,
微信支付,已支付¥35.60,
微信支付,亲属卡扣款凭证,
晚上好，明日天气提醒,鹿城，小雨，36/26°C，空气优，西北风2级,
特关 房东的猫,"TO：「遥远的你」
五专「不擅生长的树」收官曲
8月27日00:00网易云见～
#房东的猫新专辑不擅生长的树##房东的猫新歌给遥远的你# http://t.cn/AXpjs3sp ​​​
ytdttj",
UniversalClipboardService,,
应用接力服务,服务正在运行,
续航845km+800V+5C+高阶智驾，这样的“全能套餐”要什么价？,前排围观,
UniversalClipboardService,,
应用接力服务,服务正在运行,
【#小米汽车成都车展#预约咨询抽好礼】,📅8.21-8.30，西部国际博览城，一起打卡小米澎程首秀！预约咨询抽Xiaomi Watch S4！更多限定礼品等你来抢！📍戳我去抽奖>>,
钱包 AI 记账功能已上线！,别再手动扒账单了！自动记账 + 个性化收支报表，帮你揪出隐形花销！,
通知,2026-08-26 11:00:00 收到提醒，领至高满15减15外卖红包，还能返现金>>>,
叮～发现一个帮你自动省钱的神器！,不用费脑子比价，AI 帮你自动搞定，开启就能省～,
记账还在手动分类？,AI自动识别每笔消费类型，比手动更快 >>,
早上好，今日天气提醒,鹿城，小雨转多云，35/24°C，空气优，西北风1级,
UniversalClipboardService,,
应用接力服务,服务正在运行,
微信支付,已支付¥2.00,
【失效提醒】,您的账号***于2026-08-25 21:25:00收到提醒，【0元领】VIP会员，爱奇艺、优酷、芒果TV、bilibili片库任性看。今日机会不领失效，速点>>>,
晚上好，明日天气提醒,鹿城，小雨转多云，35/26°C，空气优，西北风1级,
特关 房东的猫,"恰逢中秋，赴一场月下之约。9月25日我们在#石家庄草莓音乐节# 见面吧：） ​​​
ytdttj",
续航845km+800V+5C+高阶智驾，这样的“全能套餐”要什么价？,等你来看,
钱包 AI 记账功能已上线！,别再手动扒账单了！自动记账 + 个性化收支报表，帮你揪出隐形花销！,
Keep,上周 08/17 ~ 08/23 运动 29 分钟，这是你的运动数据周报,
通知,2026-08-25 11:10:00 左右收到提醒，至高满15减15外卖大红包>>>,
通知,2026-08-25 11:00:00 收到提醒，领至高满15减15外卖红包，还能返现金>>>,
早上好，今日天气提醒,鹿城，阴转小雨，30/25°C，空气优，东南风1级,
UniversalClipboardService,,
应用接力服务,服务正在运行,
MIFIPK/CPE/随身WiFi/5G模块交流群,"[@全体成员]SlAlot: @全体成员 网络面板新一批测试招募，需要拥有华为（鸿蒙智选设备-Brovi）如果参与反馈会送永久邀请码，下方是群
[图片]",
晚上好，明日天气提醒,鹿城，小雨，30/25°C，空气优，东南风1级,
正在获取服务信息,,
,,
UniversalClipboardService,,
应用接力服务,服务正在运行,
微信支付,已支付¥15.00,
微信支付,已支付¥2698.00,
特关 房东的猫,"《火车开过破晓》送给剧里的少年，也送给即将踏上新学期旅途的大家。希望这首歌陪伴大家每一个出发的时刻，勇敢去遇见那些从未见过的新奇🌅。#房东的猫客串了我们的少年时代2##我们的少年时代2# http:...
ytdttj",
,,
微信支付,已支付¥45.00,
微信支付,已支付¥40.00,
大额周转最高100万！,有车即可申请，钱拿走，车照开，无GPS，持牌机构专业服务>>,
续航845km+800V+5C+高阶智驾，这样的“全能套餐”要什么价？,前排围观,
钱包 AI 记账功能已上线！,别再手动扒账单了！自动记账 + 个性化收支报表，帮你揪出隐形花销！,
通知,2026-08-24 11:10:00 左右收到提醒，至高满15减15外卖大红包>>>,
通知,2026-08-24 11:00:00 收到提醒，领至高满15减15外卖红包，还能返现金>>>,
微信支付,已支付¥14.00,
早上好，今日天气提醒,鹿城，小雨转大雨，29/22°C，空气优，东南风2级,
微信支付,已支付¥0.30,
微信支付,已支付¥40.80,
晚上好，明日天气提醒,鹿城，大雨，28/22°C，空气优，东南风2级,
AI：Polestar 4极光白影版,前排围观,
微信支付,[2条]微信支付: 亲属卡退款到账通知,
微信支付,亲属卡扣款凭证,
早上好，今日天气提醒,鹿城，中雨转大雨，31/24°C，空气优，西北风1级,
UniversalClipboardService,,
微信支付,已支付¥19.00,
应用接力服务,服务正在运行,
晚上好，明日天气提醒,鹿城，中雨转大雨，31/24°C，空气优，东南风1级,
AI：Polestar 4极光白影版,快上车！带你遨游车海,
UniversalClipboardService,,
应用接力服务,服务正在运行,
早上好，今日天气提醒,鹿城，小雨转大雨，32/25°C，空气优，西北风1级,
微信支付,已支付¥154.00,
微信支付,已支付¥3.00,
晚上好，明日天气提醒,青田，小雨转中雨，33/24°C，空气优，东北风2级,
微信支付,已支付¥287.00,
微信支付,已支付¥7.20,
微信支付,已支付¥35.00,
微信支付,已支付¥1000.00,
微信支付,已支付¥15.90,
早上好，今日天气提醒,西湖，阴转雷阵雨，34/27°C，空气优，东北风1级,
微信支付,已支付¥324.00,
微信支付,已支付¥8.00,
微信支付,已支付¥24.00,
微信支付,[2条]微信支付: 已支付¥21.00,
微信支付,已支付¥14.50,
晚上好，明日天气提醒,西湖，雷阵雨，34/27°C，空气优，东北风2级,
微信支付,已支付¥6.00,
微信支付,[2条]微信支付: 退款到账通知,
微信支付,已支付¥3.50,
微信支付,已支付¥16.69,
微信支付,已支付¥22.00,
微信支付,已支付¥13.80,
早上好，今日天气提醒,西湖，晴转多云，35/27°C，空气优，西北风2级,
晚上好，明日天气提醒,浏阳，雷阵雨转晴，35/25°C，空气优，东北风1级,
早上好，今日天气提醒,永定，雾转小雨，31/24°C，空气优，东北风1级,
UniversalClipboardService,,
应用接力服务,服务正在运行,
晚上好，明日天气提醒,黔江，雷阵雨转小雨，30/22°C，空气优，东北风2级,
早上好，今日天气提醒,青羊，大雨转阵雨，26/21°C，空气优，东北风1级,
晚上好，明日天气提醒,青羊，大雨转阵雨，26/21°C，空气优，西北风2级,
AI：Polestar 4极光白影版,前排围观,
早上好，今日天气提醒,青羊，中雨转大雨，26/22°C，空气优，西北风2级,
UniversalClipboardService,,
应用接力服务,服务正在运行,
UniversalClipboardService,,
应用接力服务,服务正在运行,
UniversalClipboardService,,
应用接力服务,服务正在运行,
UniversalClipboardService,,
应用接力服务,服务正在运行,
UniversalClipboardService,,
晚上好，明日天气提醒,青羊，阵雨转大雨，28/22°C，空气优，西北风2级,
应用接力服务,服务正在运行,
早上好，今日天气提醒,青羊，雷阵雨转阵雨，33/23°C，空气优，西北风2级,
UniversalClipboardService,,
应用接力服务,服务正在运行,
UniversalClipboardService,,
应用接力服务,服务正在运行,
晚上好，明日天气提醒,大英，多云转阴，37/26°C，空气优，东北风1级,
早上好，今日天气提醒,恩施市，多云，35/22°C，空气优，西北风1级,
UniversalClipboardService,,
晚上好，明日天气提醒,长阳，多云转晴，33/22°C，空气优，东南风1级,
应用接力服务,服务正在运行,
早上好，今日天气提醒,硚口，阴转晴，30/24°C，空气优，西北风2级,
晚上好，明日天气提醒,阳新，小雨，30/24°C，空气优，西南风1级,
早上好，今日天气提醒,鹿城，小雨转中雨，34/26°C，空气优，西北风1级,
晚上好，明日天气提醒,鹿城，小雨转中雨，34/26°C，空气优，西北风1级,
UniversalClipboardService,,
应用接力服务,服务正在运行,
早上好，今日天气提醒,鹿城，雾转小雨，33/25°C，空气优，西北风1级,
UniversalClipboardService,,
应用接力服务,服务正在运行,
晚上好，明日天气提醒,余杭，中雨转阴，32/25°C，空气优，东北风1级,
早上好，今日天气提醒,西湖，中雨转小雨，31/25°C，空气优，东南风3级,
UniversalClipboardService,,
应用接力服务,服务正在运行,
晚上好，明日天气提醒,拱墅，中雨转小雨，31/25°C，空气优，东南风3级,
早上好，今日天气提醒,西湖，小雨转中雨，28/23°C，空气优，东北风3级,
米家,设备状态同步服务开启中,
晚上好，明日天气提醒,西湖，大雨转中雨，27/23°C，空气优，东北风3级,
UniversalClipboardService,,
早上好，今日天气提醒,西湖，大雨，27/24°C，空气优，西北风4级,
应用接力服务,服务正在运行,
UniversalClipboardService,,
晚上好，明日天气提醒,西湖，大雨，30/24°C，空气优，东北风4级,
早上好，今日天气提醒,西湖，小雨转中雨，34/25°C，空气优，西北风3级,
应用接力服务,服务正在运行,
晚上好，明日天气提醒,鹿城，小雨转大雨，35/26°C，空气优，西北风2级,
早上好，今日天气提醒,鹿城，晴转多云，38/26°C，空气优，西北风2级,
晚上好，明日天气提醒,龙湾，多云，38/26°C，空气优，西北风2级,
早上好，今日天气提醒,鹿城，小雨转晴，36/26°C，空气优，西北风1级,
UniversalClipboardService,,
应用接力服务,服务正在运行,
晚上好，明日天气提醒,鹿城，小雨转晴，36/27°C，空气优，西北风1级,
手电筒,使用中,
早上好，今日天气提醒,鹿城，小雨转晴，33/26°C，空气优，西北风1级,
晚上好，明日天气提醒,鹿城，小雨转晴，33/26°C，空气优，东北风1级,
早上好，今日天气提醒,鹿城，多云转小雨，36/26°C，空气优，东北风1级,
晚上好，明日天气提醒,鹿城，多云转小雨，36/26°C，空气优，东南风1级,
早上好，今日天气提醒,鹿城，阴转多云，38/27°C，空气优，东北风1级,
晚上好，明日天气提醒,鹿城，多云，38/27°C，空气优，东南风1级,
早上好，今日天气提醒,鹿城，多云，38/26°C，空气优，西北风1级,
UniversalClipboardService,,
应用接力服务,服务正在运行,
晚上好，明日天气提醒,鹿城，多云，38/28°C，空气优，西南风1级,
早上好，今日天气提醒,鹿城，多云转晴，37/26°C，空气优，西北风1级,
晚上好，明日天气提醒,鹿城，多云转晴，37/27°C，空气优，西北风1级,
早上好，今日天气提醒,鹿城，晴转多云，36/27°C，空气优，西北风1级,
晚上好，明日天气提醒,鹿城，多云，36/27°C，空气优，西北风1级,
UniversalClipboardService,,
早上好，今日天气提醒,鹿城，多云转晴，36/26°C，空气优，东北风1级,
应用接力服务,服务正在运行,
UniversalClipboardService,,
应用接力服务,服务正在运行,
晚上好，明日天气提醒,鹿城，多云转晴，36/26°C，空气优，西南风1级,
早上好，今日天气提醒,鹿城，多云转晴，33/27°C，空气优，西北风1级,
晚上好，明日天气提醒,西湖，晴转小雨，38/29°C，空气优，东南风2级,
UniversalClipboardService,,
早上好，今日天气提醒,西湖，阴转多云，35/28°C，空气优，东南风2级,
应用接力服务,服务正在运行,
晚上好，明日天气提醒,西湖，多云，35/28°C，空气优，东南风2级,
早上好，今日天气提醒,西湖，小雨转多云，37/28°C，空气优，东南风2级,
晚上好，明日天气提醒,西湖，小雨转多云，37/28°C，空气优，东南风2级,
早上好，今日天气提醒,西湖，晴转多云，38/29°C，空气优，东南风2级,
晚上好，明日天气提醒,西湖，多云，38/28°C，空气优，东南风2级,
早上好，今日天气提醒,余杭，晴转多云，39/28°C，空气优，西南风1级,
晚上好，明日天气提醒,永嘉，小雨，33/26°C，空气优，东南风2级,
UniversalClipboardService,,
应用接力服务,服务正在运行,
UniversalClipboardService,,
应用接力服务,服务正在运行,
UniversalClipboardService,,
应用接力服务,服务正在运行,
UniversalClipboardService,,
应用接力服务,服务正在运行,
UniversalClipboardService,,
应用接力服务,服务正在运行,
UniversalClipboardService,,
应用接力服务,服务正在运行,
UniversalClipboardService,,
应用接力服务,服务正在运行,
电话,正在通话录音,
UniversalClipboardService,,
,,
应用接力服务,服务正在运行,
UniversalClipboardService,,
应用接力服务,服务正在运行,
UniversalClipboardService,,
应用接力服务,服务正在运行,
,,
UniversalClipboardService,,
应用接力服务,服务正在运行,
录音机,录音已完成,
录音机,正在录音…,
米家,设备状态,
全场景音乐服务,全场景音乐服务运行中,
“短信”正在运行,点按即可了解详情或停止应用。,
UniversalClipboardService,,
应用接力服务,服务正在运行,
UniversalClipboardService,,
语音唤醒,,
“小米互联通信服务”正在运行,点按即可了解详情或停止应用。,
钱包,小米智能卡正在运行中…,
“跨屏协同服务”正在运行,点按即可了解详情或停止应用。,
